for,start
one,""""
thing,(
",",","
ms.,'
shere,""""
can,""""
draw,""""
on,""""
her,'
cookbook,(
",",","
published,""""
by,)
random,""""
house,""""
four,""""
years,""""
ago,(
",",","
which,""""
is,'
teeming,""""
with,)
recipes,""""
for,start
such,""""
specialties,""""
as,'
kiwi,'
sherbet,(
",",","
gooseberry,'
fool,'
(,(
a,'
creamy,""""
dish,""""
made,""""
with,)
crushed,'
stewed,FW
berries,(
),)
and,""""
hazelnut,""""
``,'
oeufs,""""
a,'
la,FW
neige,.
.,.
'',start
for,""""
another,'
",",","
sympathetic,""""
fans,""""
have,""""
sent,""""
ms.,'
shere,'
copies,""""
of,""""
her,'
recipes,""""
clipped,""""
from,""""
magazines,""""
over,""""
the,""""
years,.
.,.
still,start
",",","
the,'
restaurant,""""
's,""""
ever-changing,""""
menu,""""
of,'
five-course,'
dinners,""""
--,""""
it,'
supposedly,""""
has,""""
n't,'
repeated,""""
a,'
meal,""""
since,""""
opening,""""
in,)
1971,""""
--,""""
requires,""""
constant,'
improvisation,.
.,.
and,start
that,""""
puts,""""
added,""""
pressure,""""
on,""""
chez,'
panisse,WP$
dessert-menu,PRP
planners,.
.,.
``,""""
we,""""
make,""""
what,""""
we,""""
know,""""
how,""""
to,""""
make,""""
",",","
'',""""
says,""""
business,""""
manager,""""
richard,)
mazzera,.
.,.
many,start
in,""""
the,""""
bay,""""
area,""""
's,'
pastry,""""
community,""""
express,'
disbelief,""""
that,""""
ms.,'
shere,""""
kept,""""
only,""""
one,""""
copy,""""
of,""""
such,'
valuable,""""
notes,(
",",","
but,""""
she,""""
has,""""
received,'
moral,""""
support,""""
from,)
baker,""""
's,'
dozen,(
",",","
a,""""
group,""""
of,""""
california,'
pastry,""""
chefs,""""
that,""""
meets,""""
regularly,""""
to,""""
discuss,""""
issues,""""
like,""""
how,""""
to,""""
keep,'
meringues,""""
from,)
weeping,""""
and,""""
how,""""
bovine,""""
eating,""""
habits,""""
affect,'
butter,)
texture,.
.,.
ms.,start
shere,""""
has,""""
offered,""""
a,'
$,$
500,""""
reward,""""
for,""""
the,""""
book,""""
's,""""
return,""""
but,""""
figures,""""
she,""""
'll,""""
have,""""
to,'
reinvent,""""
many,'
recipes,""""
from,'
scratch,.
.,.
``,start
it,""""
's,""""
an,'
overwhelming,""""
job,NNS
",",","
'',""""
she,""""
says,.
.,.
``,start
there,""""
are,""""
so,""""
many,""""
possible,'
proportions,""""
when,""""
you,""""
consider,""""
how,""""
many,""""
things,""""
are,""""
made,""""
out,""""
of,""""
eggs,""""
and,""""
butter,""""
and,""""
milk,.
.,.
some,start
u.s.,""""
allies,""""
are,'
complaining,""""
that,""""
president,""""
bush,""""
is,'
pushing,'
conventional-arms,""""
talks,""""
too,""""
quickly,""""
",",","
creating,""""
a,""""
risk,""""
that,""""
negotiators,""""
will,""""
make,'
errors,""""
that,""""
could,""""
affect,""""
the,""""
security,""""
of,""""
western,""""
europe,""""
for,""""
years,.
.,.
concerns,start
about,""""
the,""""
pace,""""
of,""""
the,""""
vienna,""""
talks,""""
--,""""
which,""""
are,'
aimed,""""
at,""""
the,""""
destruction,""""
of,""""
some,""""
"100,000",""""
weapons,TO
",",","
as,""""
well,""""
as,""""
major,""""
reductions,""""
and,""""
realignments,""""
of,""""
troops,""""
in,""""
central,""""
europe,""""
--,""""
also,""""
are,'
being,""""
registered,""""
at,""""
the,""""
pentagon,.
.,.
mr.,start
bush,""""
has,""""
called,""""
for,""""
an,""""
agreement,""""
by,""""
next,""""
september,""""
at,""""
the,""""
latest,.
.,.
but,start
some,""""
american,'
defense,""""
officials,""""
believe,""""
the,""""
north,""""
atlantic,""""
treaty,""""
organization,""""
should,""""
take,""""
more,""""
time,""""
to,""""
examine,""""
the,""""
long-term,""""
implications,""""
of,""""
the,""""
options,""""
being,""""
considered,.
.,.
for,start
one,""""
thing,(
",",","
pentagon,""""
officials,(
",",","
who,""""
asked,""""
not,""""
to,""""
be,'
identified,(
",",","
worry,""""
that,""""
the,""""
u.s.,""""
will,""""
have,""""
a,""""
much,""""
tougher,""""
time,""""
persuading,""""
europeans,""""
to,""""
keep,""""
some,'
short-range,""""
nuclear,""""
weapons,""""
on,""""
their,'
soil,""""
once,""""
soviet,'
armored,""""
forces,""""
are,'
thinned,""""
out,.
.,.
at,""""
the,""""
same,""""
time,NNS
",",","
they,""""
contend,""""
that,""""
a,'
reduction,""""
of,)
nato,""""
forces,""""
under,""""
a,'
treaty,""""
will,""""
increase,""""
the,""""
possibility,""""
of,)
a,'
conventional,""""
soviet,""""
attack,""""
unless,""""
the,""""
west,""""
retains,""""
a,'
residual,""""
force,""""
of,)
nuclear,""""
weapons,""""
in,""""
europe,.
.,.
allies,start
concerned,""""
about,""""
the,'
deadline,""""
include,""""
the,'
british,TO
",",","
french,""""
and,""""
smaller,""""
nato,""""
allies,start
",",","
some,""""
of,)
whom,""""
do,""""
n't,""""
have,""""
adequate,'
staffs,""""
to,""""
provide,""""
quick,'
answers,""""
to,""""
the,'
questions,""""
being,""""
raised,""""
by,""""
what,""""
generally,""""
are,""""
considered,""""
the,'
most,""""
complex,""""
arms-control,""""
talks,""""
ever,)
attempted,.
.,.
so,start
far,(
",",","
no,'
ally,""""
has,""""
complained,'
openly,(
",",","
preserving,""""
the,""""
impression,""""
that,)
nato,""""
is,""""
in,""""
line,""""
with,""""
the,""""
bush,""""
position,""""
that,)
a,""""
quick,""""
agreement,""""
bringing,""""
soviet,""""
conventional,""""
forces,""""
down,""""
to,""""
parity,""""
with,""""
nato,""""
is,""""
the,""""
west,""""
's,""""
top,""""
bargaining,PRP
priority,.
.,.
but,""""
even,""""
though,'
nato,'
negotiators,""""
have,""""
only,""""
10,""""
months,""""
left,""""
under,""""
the,""""
bush,'
timetable,(
",",","
they,""""
are,""""
still,'
wrestling,""""
over,""""
such,'
seemingly,""""
fundamental,'
questions,""""
as,)
``,""""
what,""""
is,""""
a,'
tank,""""
?,""""
'',""""
five,""""
of,""""
the,""""
six,""""
categories,""""
of,""""
weapons,""""
under,""""
negotiation,""""
have,""""
n't,""""
even,""""
been,VBN
defined,.
.,.
tanks,start
currently,""""
are,'
defined,""""
as,)
armored,""""
vehicles,""""
weighing,""""
25,""""
tons,""""
or,""""
more,""""
that,""""
carry,""""
large,VBP
guns,.
.,.
the,start
soviets,DT
complicated,""""
the,start
issue,""""
by,""""
offering,""""
to,""""
include,""""
light,""""
tanks,NNS
",",","
which,""""
are,""""
as,""""
light,""""
as,""""
10,""""
tons,.
.,.
oleg,start
a.,LS
grinevsky,(
",",","
the,""""
chief,""""
soviet,'
negotiator,""""
in,""""
the,""""
conventional-arms,""""
talks,(
",",","
argued,""""
that,""""
this,""""
would,""""
mean,""""
the,""""
soviets,""""
would,""""
have,""""
to,'
destroy,""""
some,'
"1,800",'
tanks,(
",",","
while,""""
the,""""
u.s.,""""
would,""""
lose,""""
none,""""
because,""""
it,""""
has,""""
no,""""
light,'
tanks,(
in,""""
europe,.
.,.
but,start
the,""""
issue,""""
is,'
stickier,""""
than,""""
it,""""
seems,.
.,.
france,start
",",","
britain,""""
and,""""
italy,""""
all,""""
have,""""
light,'
tanks,""""
they,""""
would,""""
like,""""
to,""""
keep,""""
out,""""
of,""""
the,""""
talks,.
.,.
and,start
some,""""
u.s.,'
army,""""
analysts,""""
worry,""""
that,""""
the,""""
proposed,""""
soviet,'
redefinition,""""
is,'
aimed,""""
at,""""
blocking,""""
the,""""
u.s.,'
from,""""
developing,POS
lighter,NNS
",",","
more,'
transportable,NNS
",",","
high-technology,)
tanks,.
.,.
defining,start
combat,""""
aircraft,""""
is,""""
even,""""
tougher,.
.,.
the,start
soviets,DT
insisted,""""
that,""""
aircraft,""""
be,""""
brought,""""
into,""""
the,start
talks,TO
",",","
then,""""
argued,""""
for,)
exempting,""""
some,'
"4,000",""""
russian,""""
planes,""""
because,""""
they,""""
are,'
``,""""
solely,'
defensive,.
.,.
nato,""""
has,""""
n't,'
budged,""""
from,""""
its,'
insistence,""""
that,""""
any,'
gun-carrying,""""
plane,""""
has,""""
offensive,)
capability,.
.,.
the,start
dispute,""""
over,""""
that,""""
issue,NNS
",",","
according,""""
to,""""
one,""""
u.s.,""""
official,NNS
",",","
is,""""
a,'
``,""""
potential,""""
treaty,""""
stopper,NNS
",",","
'',""""
and,""""
only,""""
president,""""
bush,""""
and,""""
soviet,""""
leader,""""
mikhail,""""
gorbachev,""""
may,""""
be,""""
able,""""
to,""""
resolve,""""
it,.
.,.
accounting,start
problems,""""
raise,""""
more,""""
knotty,""""
issues,.
.,.
greece,start
and,LS
turkey,NNS
",",","
for,""""
example,NNS
",",","
are,""""
suspected,""""
of,)
overstating,""""
their,'
arsenals,""""
in,""""
hopes,""""
that,""""
they,""""
can,'
emerge,""""
from,""""
the,'
arms-reduction,""""
treaty,""""
with,""""
large,""""
remaining,""""
forces,""""
to,'
deter,""""
each,""""
other,.
.,.
other,start
nations,""""
are,""""
n't,""""
sure,""""
how,""""
many,""""
weapons,""""
they,""""
have,""""
in,""""
their,""""
own,VBP
arsenals,.
.,.
``,start
it,""""
's,""""
just,""""
going,""""
to,""""
be,'
sloppy,""""
",",","
both,""""
on,""""
our,""""
side,""""
and,""""
theirs,""""
{,""""
the,""""
warsaw,""""
pact,""""
's,""""
},""""
",",","
'',""""
says,""""
one,'
nato,PRP
analyst,.
.,.
so,start
far,RB
",",","
neither,""""
the,""""
bush,""""
administration,""""
nor,""""
arms-control,""""
experts,""""
in,""""
congress,""""
seem,""""
moved,""""
by,""""
arguments,""""
that,""""
these,""""
problems,""""
may,""""
take,""""
more,""""
time,""""
to,'
thrash,""""
out,""""
than,""""
president,""""
bush,""""
has,""""
allowed,.
.,.
they,start
argue,""""
that,""""
the,""""
bigger,""""
danger,""""
would,""""
be,""""
that,""""
the,""""
west,""""
would,""""
delay,""""
action,""""
so,""""
long,""""
that,""""
the,""""
soviets,""""
might,""""
back,""""
away,""""
from,""""
the,""""
current,'
conciliatory,PRP
attitude,.
.,.
``,start
so,""""
what,""""
if,""""
you,'
miss,""""
50,""""
tanks,""""
somewhere,""""
?,""""
'',""""
asks,""""
rep.,'
norman,'
dicks,'
(,(
d.,NNP
",",","
wash.,'
),)
",",","
a,""""
member,""""
of,""""
the,""""
house,""""
group,""""
that,'
visited,""""
the,""""
talks,""""
in,'
vienna,.
.,.
``,start
the,""""
bottom,""""
line,""""
is,""""
that,""""
if,""""
we,""""
can,""""
get,""""
that,""""
{,""""
warsaw,""""
pact,""""
},""""
superiority,""""
brought,""""
down,""""
to,""""
parity,:
",",","
we,""""
ought,""""
to,""""
keep,'
pressing,""""
ahead,""""
as,""""
quickly,""""
as,""""
possible,.
.,.
i,start
worry,""""
more,""""
about,""""
things,""""
becoming,""""
so,'
unraveled,""""
on,""""
the,""""
other,""""
side,""""
that,""""
they,""""
might,""""
become,""""
unable,""""
to,'
negotiate,.
.,.
tokyo,start
stocks,NNP
rebounded,""""
tuesday,""""
from,""""
two,""""
consecutive,""""
daily,""""
losses,""""
in,""""
relatively,""""
active,""""
dealings,.
.,.
london,start
shares,""""
also,""""
rose,(
",",","
while,""""
trading,""""
in,'
frankfurt,(
",",","
west,""""
germany,(
",",","
ended,""""
higher,.
.,.
in,start
tokyo,IN
",",","
the,'
nikkei,""""
index,""""
of,'
225,'
selected,""""
issues,""""
was,""""
up,""""
132.00,""""
points,""""
to,'
35549.44,.
.,.
the,start
index,""""
fell,'
109.85,""""
monday,.
.,.
volume,start
on,""""
the,""""
first,""""
section,""""
was,""""
estimated,""""
at,""""
900,""""
million,""""
shares,TO
",",","
up,""""
from,)
582,""""
million,""""
shares,TO
monday,.
.,.
advancing,""""
issues,LS
outnumbered,""""
decliners,""""
542,""""
to,'
362,","
",",","
while,)
208,""""
issues,LS
were,""""
unchanged,.
.,.
small-lot,start
buying,""""
targeted,""""
at,)
incentive-backed,""""
issues,""""
pushed,""""
up,""""
the,'
nikkei,.
.,.
but,start
other,""""
sectors,""""
failed,""""
to,""""
attract,""""
investor,""""
interest,""""
and,""""
remained,'
sluggish,(
",",","
making,""""
overall,""""
trading,""""
appear,VBP
mixed,.
.,.
individuals,start
and,""""
corporations,'
",",","
as,""""
well,""""
as,""""
dealers,""""
trading,""""
for,""""
their,""""
own,""""
account,'
",",","
actively,""""
bought,""""
tuesday,.
.,.
an,start
official,""""
at,)
wako,""""
securities,""""
said,""""
these,""""
investors,""""
feel,""""
the,""""
need,""""
to,""""
make,""""
quick,""""
profits,TO
",",","
despite,'
destabilizing,'
external,""""
factors,TO
",",","
such,""""
as,""""
political,'
uncertainty,""""
tied,""""
to,""""
the,""""
ruling,""""
party,""""
's,""""
fate,""""
at,)
next,""""
year,""""
's,""""
lower,""""
house,""""
elections,""""
-,""""
an,start
event,""""
which,""""
could,""""
directly,""""
affect,""""
the,""""
stock,""""
market,.
.,.
the,start
tokyo,""""
stock,""""
price,""""
index,""""
of,""""
all,""""
issues,""""
listed,""""
in,""""
the,start
first,""""
section,NNS
",",","
which,""""
declined,'
5.16,""""
on,""""
monday,NNS
",",","
was,""""
up,VBP
16.05,NNS
",",","
or,""""
0.60,""""
%,NNS
",",","
at,)
2692.65,""""
on,""""
tuesday,.
.,.
the,start
second,""""
section,""""
index,NNS
",",","
which,""""
fell,'
21.44,""""
points,""""
monday,NNS
",",","
was,""""
up,'
6.84,(
points,""""
",",","
or,""""
0.19,""""
%,NNS
",",","
to,""""
close,""""
at,'
3642.90,.
.,.
second,start
section,LS
volume,""""
was,""""
estimated,""""
at,""""
14,""""
million,""""
shares,TO
",",","
unchanged,""""
from,""""
monday,.
.,.
institutional,start
investors,""""
mostly,""""
remained,""""
on,""""
the,'
sidelines,""""
tuesday,.
.,.
a,start
fund,""""
manager,""""
at,""""
a,start
life-insurance,""""
company,""""
said,""""
three,""""
factors,""""
make,""""
it,""""
difficult,""""
to,""""
read,""""
market,)
direction,.
.,.
first,'
",",","
he,""""
said,'
",",","
domestic,""""
interest,""""
rates,""""
are,""""
likely,""""
to,""""
stay,""""
at,""""
higher,""""
levels,""""
as,""""
increased,RBR
anticipation,""""
of,)
inflation,""""
followed,""""
rising,""""
consumer,""""
prices,""""
reported,""""
last,""""
week,.
.,.
second,start
",",","
the,""""
dollar,""""
is,'
showing,'
persistent,""""
strength,""""
despite,""""
a,'
slowdown,""""
in,""""
the,""""
u.s.,""""
economy,""""
shown,""""
by,""""
economic,""""
indicators,.
.,.
third,start
",",","
oil,""""
prices,""""
have,""""
n't,""""
declined,""""
although,)
supply,""""
has,""""
been,""""
increasing,.
.,.
the,start
topic,""""
that,""""
attracted,""""
participants,""""
',""""
attention,""""
was,'
mitsubishi,""""
estate,""""
's,""""
purchase,""""
of,)
51,""""
%,""""
of,)
rockefeller,""""
center,""""
properties,TO
",",","
announced,""""
late,""""
monday,""""
in,""""
new,""""
york,.
.,.
mitsubishi,start
estate,""""
ended,""""
the,""""
day,""""
at,'
2680,(
",",","
up,""""
150,.
.,.
the,start
gains,""""
also,'
sparked,""""
buying,""""
interest,""""
in,""""
other,'
real-estate,""""
companies,TO
",",","
traders,""""
said,.
.,.
sumitomo,start
realty,""""
&,""""
development,""""
rose,""""
40,""""
to,'
2170,.
.,.
heiwa,start
real,""""
estate,""""
gained,""""
40,""""
to,'
2210,.
.,.
investor,start
focus,NN
shifted,""""
quickly,""""
",",","
traders,""""
said,.
.,.
many,start
of,""""
the,'
morning-session,""""
winners,""""
turned,""""
out,""""
to,""""
be,'
losers,""""
by,""""
afternoon,.
.,.
in,start
other,RP
stock-market,'
news,NNP
",",","
the,""""
tokyo,""""
stock,""""
exchange,""""
said,""""
that,""""
for,""""
the,""""
week,""""
ended,POS
friday,NNP
",",","
the,""""
balance,""""
of,)
margin,""""
buying,""""
rose,'
189.8,""""
billion,'
yen,'
(,(
$,$
1.34,""""
billion,'
),)
",",","
to,'
7.160,""""
trillion,'
yen,'
(,(
$,$
50.46,""""
billion,'
),)
.,.
the,start
balance,""""
of,""""
short,""""
positions,""""
outstanding,""""
fell,'
159.7,""""
billion,'
yen,NNP
",",","
to,'
779.8,""""
billion,'
yen,NNP
.,.
in,start
london,(
",",","
prices,""""
finished,""""
at,'
intraday,'
peaks,(
",",","
comforted,""""
by,""""
a,'
reassuring,""""
early,""""
performance,""""
on,""""
wall,""""
street,""""
and,""""
news,""""
that,""""
the,""""
british,""""
government,""""
will,'
waive,""""
its,'
``,""""
golden,""""
share,""""
'',""""
in,start
auto,""""
maker,PRP
jaguar,.
.,.
but,start
trading,""""
was,""""
very,'
sketchy,'
",",","
as,""""
investment,""""
decision,""""
makers,""""
remain,'
wary,""""
from,)
gyrations,""""
and,""""
upsets,""""
of,""""
recent,""""
weeks,.
.,.
``,start
volume,""""
has,""""
been,'
appalling,'
",",","
'',""""
said,""""
a,'
dealer,""""
at,""""
a,'
british,""""
brokerage,""""
concern,.
.,.
``,""""
the,""""
market,""""
was,'
dragged,""""
up,""""
by,""""
the,""""
scruff,""""
of,""""
its,'
neck,""""
by,""""
wall,""""
street,""""
and,""""
by,""""
market,""""
makers,""""
getting,""""
caught,""""
short,.
.,.
no,start
one,""""
wants,""""
stock,""""
on,""""
their,""""
books,.
.,.
meanwhile,NNP
",",","
the,'
broad-based,""""
financial,""""
times,""""
100-share,""""
index,""""
added,'
30.4,""""
points,""""
to,""""
end,""""
at,(
2142.6,NNP
",",","
while,)
reaching,""""
its,""""
minimum,""""
of,)
2120.5,""""
a,""""
half,""""
hour,""""
into,""""
the,'
session,.
.,.
at,""""
the,""""
close,NNS
",",","
the,""""
narrower,""""
30-share,""""
index,""""
was,""""
up,""""
19.7,""""
points,""""
to,'
1721.4,.
.,.
volume,start
totaled,""""
a,'
modest,""""
334.5,""""
million,""""
shares,TO
",",","
up,""""
from,)
257.8,""""
million,""""
shares,TO
monday,.
.,.
the,start
market,""""
also,""""
moved,""""
at,""""
early,""""
afternoon,""""
on,""""
news,""""
that,'
jaguar,""""
shares,""""
were,'
being,VBG
temporarily,""""
suspended,""""
at,""""
746,'
pence,'
(,(
$,$
11.80,'
),)
each,.
.,.
secretary,start
of,""""
state,""""
for,""""
trade,""""
and,""""
industry,""""
nicholas,""""
ridley,""""
said,""""
later,""""
in,""""
the,""""
day,""""
that,""""
the,""""
government,""""
would,'
abolish,""""
its,""""
golden,""""
share,""""
in,""""
jaguar,(
",",","
the,""""
luxury,""""
auto,""""
maker,'
being,VBG
stalked,""""
by,""""
general,""""
motors,""""
and,""""
ford,""""
motor,.
.,.
the,start
golden,""""
share,""""
dates,""""
from,)
jaguar,""""
's,""""
public,""""
offering,""""
in,""""
1984,""""
and,""""
was,""""
designed,""""
to,""""
protect,""""
the,start
company,""""
from,)
takeover,.
.,.
but,start
although,""""
the,""""
golden,""""
share,""""
has,""""
been,'
waived,'
",",","
a,""""
hostile,'
bidder,""""
for,)
jaguar,""""
would,""""
still,""""
have,""""
to,'
alter,""""
the,""""
british,""""
concern,""""
's,""""
articles,""""
of,""""
association,""""
which,'
ban,""""
shareholdings,""""
of,""""
more,""""
than,""""
15,""""
%,.
.,.
jaguar,""""
shares,""""
closed,""""
at,)
869,""""
pence,(
",",","
up,""""
122,""""
pence,(
",",","
on,)
hefty,""""
turnover,""""
of,)
9.7,""""
million,""""
shares,""""
.,.
as,""""
the,""""
london,""""
trading,""""
session,""""
drew,""""
to,""""
a,""""
close,NNS
",",","
the,""""
market,""""
was,""""
still,""""
listening,""""
to,""""
the,""""
parliamentary,""""
debate,""""
on,""""
the,""""
economy,NNS
",",","
with,""""
new,'
chancellor,""""
of,""""
the,""""
exchequer,""""
john,""""
major,""""
expected,""""
to,""""
clarify,""""
his,""""
approach,""""
to,""""
the,""""
british,""""
economy,NNS
and,""""
currency,""""
issues,.
.,.
on,start
the,RP
frankfurt,""""
stock,""""
exchange,'
",",","
share,""""
prices,""""
closed,""""
higher,""""
in,""""
fairly,'
thin,""""
trading,'
",",","
as,)
selective,""""
buying,""""
by,""""
foreigners,'
helped,)
propel,""""
prices,""""
.,.
the,start
dax,""""
index,""""
closed,""""
at,(
1472.76,NNP
",",","
up,""""
from,'
1466.29,.
.,.
despite,""""
the,IN
modest,""""
gains,(
",",","
traders,""""
said,""""
the,IN
market,""""
remains,'
dull,(
",",","
with,""""
investors,""""
remaining,""""
cautiously,""""
on,""""
the,IN
sidelines,.
.,.
contributing,start
to,""""
the,""""
market,""""
's,""""
reserved,""""
stance,""""
was,""""
the,""""
release,""""
later,""""
in,""""
the,""""
day,""""
of,""""
new,""""
data,""""
on,""""
the,""""
health,""""
of,""""
the,""""
u.s.,""""
economy,:
",",","
in,""""
the,""""
form,""""
of,""""
the,""""
u.s.,""""
index,""""
of,""""
leading,""""
indicators,.
.,.
additionally,NNS
",",","
the,""""
end,""""
of,""""
the,""""
month,""""
position-squaring,""""
might,""""
have,""""
also,""""
played,""""
a,""""
minor,""""
role,NNS
",",","
traders,""""
said,.
.,.
elsewhere,(
",",","
share,""""
prices,""""
closed,""""
higher,""""
in,'
amsterdam,(
",",","
brussels,(
",",","
milan,""""
and,""""
paris,.
.,.
prices,start
were,NNS
mixed,""""
in,)
zurich,""""
and,""""
lower,""""
in,)
stockholm,.
.,.
stocks,start
closed,""""
higher,""""
in,""""
hong,""""
kong,(
",",","
manila,(
",",","
singapore,(
",",","
sydney,""""
and,""""
wellington,(
",",","
but,""""
were,""""
lower,""""
in,""""
seoul,.
.,.
taipei,start
was,""""
closed,""""
for,""""
a,'
holiday,.
.,.
here,start
are,""""
price,""""
trends,""""
on,""""
the,""""
world,""""
's,""""
major,""""
stock,VB
markets,NNS
",",","
as,""""
calculated,""""
by,'
morgan,'
stanley,""""
capital,""""
international,TO
perspective,NNS
",",","
geneva,.
.,.
to,start
make,""""
them,""""
directly,""""
comparable,'
",",","
each,""""
index,""""
is,""""
based,""""
on,""""
the,""""
close,""""
of,""""
1969,""""
equaling,""""
100,.
.,.
the,start
percentage,""""
change,""""
is,""""
since,'
year-end,.
.,.
treasury,start
undersecretary,""""
david,'
mulford,'
defended,""""
the,""""
treasury,start
's,""""
efforts,""""
this,'
fall,""""
to,""""
drive,""""
down,""""
the,""""
value,""""
of,""""
the,""""
dollar,NNS
",",","
saying,""""
it,'
helped,'
minimize,""""
damage,""""
from,""""
the,""""
190-point,""""
drop,""""
in,""""
the,""""
stock,""""
market,""""
oct.,""""
13,.
.,.
testifying,start
before,""""
a,""""
house,""""
subcommittee,:
",",","
mr.,'
mulford,""""
said,""""
that,""""
if,""""
the,""""
treasury,""""
had,""""
n't,'
intervened,""""
in,)
foreign-exchange,""""
markets,""""
in,)
september,""""
and,""""
early,""""
october,""""
to,'
reduce,""""
the,""""
dollar,""""
's,""""
value,:
",",","
the,""""
plunge,""""
in,)
the,""""
stock,""""
market,""""
might,""""
have,'
provoked,""""
a,""""
steep,""""
fall,""""
in,)
the,""""
currency,""""
that,""""
might,""""
have,'
``,'
unhinged,""""
financial,""""
markets,""""
.,.
mr.,start
mulford,(
",",","
responding,""""
to,""""
critics,""""
of,'
intervention,(
",",","
also,""""
said,'
intervention,(
is,)
``,""""
highly,'
visible,(
",",","
'',""""
is,)
taken,""""
seriously,""""
by,""""
financial,""""
markets,""""
and,""""
works,""""
better,""""
than,)
``,""""
was,""""
recognized,""""
some,""""
time,""""
ago,.
.,.
differences,start
between,""""
the,""""
treasury,""""
and,""""
the,""""
federal,""""
reserve,""""
on,""""
the,""""
usefulness,""""
of,)
intervention,""""
to,""""
help,'
restrain,""""
the,""""
dollar,""""
resurfaced,""""
at,""""
the,""""
hearing,.
.,.
fed,start
vice,""""
chairman,'
manuel,'
johnson,(
",",","
who,""""
had,'
dissented,""""
from,""""
the,""""
treasury,""""
's,""""
policy,(
",",","
told,'
lawmakers,(
",",","
``,""""
i,""""
became,'
convinced,""""
about,""""
what,""""
looked,""""
to,""""
me,""""
like,""""
an,""""
attempt,""""
to,""""
push,""""
the,""""
dollar,""""
down,""""
against,""""
the,""""
fundamentals,""""
in,""""
the,""""
market,.
.,.
intervention,TO
",",","
he,""""
added,TO
",",","
is,""""
useful,""""
only,""""
to,'
smooth,""""
disorderly,""""
markets,TO
",",","
not,""""
to,'
fundamentally,""""
influence,""""
the,""""
dollar,""""
's,""""
value,.
.,.
rep.,start
john,NNP
lafalce,'
(,(
d.,(
",",","
n.y,.
.,.
),)
said,""""
mr.,'
johnson,""""
refused,""""
to,""""
testify,'
jointly,""""
with,""""
mr.,'
mulford,""""
and,""""
instead,""""
asked,""""
to,""""
appear,""""
after,""""
the,""""
treasury,""""
official,""""
had,""""
completed,""""
his,'
testimony,.
.,.
a,start
fed,""""
spokesman,""""
denied,""""
mr.,'
lafalce,""""
's,""""
statement,.
.,.
mr.,start
mulford,""""
said,""""
reports,""""
of,)
tension,""""
between,""""
the,""""
treasury,""""
and,""""
fed,""""
have,""""
been,""""
exaggerated,'
",",","
insisting,""""
that,""""
they,""""
involved,RBR
``,""""
nuances,.
.,.
'',start
mr.,""""
johnson,""""
also,""""
said,""""
that,'
``,""""
in,""""
the,""""
scheme,""""
of,""""
things,TO
",",","
these,""""
things,TO
are,""""
minor,.
.,.
on,start
other,""""
matters,TO
",",","
mr.,'
mulford,""""
said,""""
west,""""
germany,""""
is,'
contributing,""""
to,'
imbalances,""""
in,""""
the,""""
world,""""
economy,""""
because,""""
of,""""
its,""""
success,""""
as,""""
an,'
exporter,.
.,.
``,start
the,""""
solution,""""
is,""""
stronger,""""
domestic,""""
growth,""""
{,""""
in,""""
germany,""""
},NNP
",",","
'',""""
he,""""
said,.
.,.
but,start
because,""""
the,""""
growth,""""
of,""""
the,""""
german,""""
economy,""""
has,""""
been,""""
stronger,""""
than,""""
expected,'
",",","
mr.,'
mulford,""""
said,'
",",","
it,""""
's,""""
difficult,""""
for,""""
the,""""
u.s.,""""
to,""""
argue,""""
that,""""
germany,""""
ought,""""
to,""""
adopt,""""
more,""""
stimulative,""""
monetary,""""
and,""""
fiscal,""""
policies,.
.,.
germany,start
's,""""
trade,""""
surplus,""""
is,""""
largely,""""
with,""""
other,""""
european,""""
countries,""""
rather,""""
than,""""
with,""""
the,""""
u.s.,(
",",","
mr.,'
mulford,)
acknowledged,.
.,.
but,start
nonetheless,""""
u.s.,""""
companies,""""
might,""""
be,""""
more,""""
successful,""""
in,""""
european,""""
markets,""""
if,""""
not,""""
for,""""
the,""""
german,'
export,'
push,(
",",","
he,""""
said,.
.,.
people,start
's,NNS
savings,""""
financial,""""
corp.,""""
said,""""
it,""""
will,""""
buy,""""
back,""""
as,""""
much,""""
as,""""
10,""""
%,""""
of,""""
its,'
2.4,""""
million,""""
shares,""""
outstanding,""""
because,""""
the,""""
stock,""""
is,'
undervalued,.
.,.
the,start
holding,""""
company,""""
said,""""
it,""""
has,""""
been,'
``,""""
unfairly,""""
associated,RBR
'',""""
with,""""
other,""""
banks,""""
in,""""
new,""""
england,""""
that,""""
have,""""
had,""""
major,""""
loan,""""
losses,""""
in,""""
recent,VBP
quarters,.
.,.
the,start
company,""""
said,""""
its,""""
people,""""
's,""""
savings,""""
bank,""""
unit,""""
does,""""
n't,""""
have,""""
a,'
``,""""
large,'
exposure,""""
to,""""
construction,""""
and,""""
commercial,""""
loans,""""
that,""""
have,""""
caused,""""
the,start
loan-loss,""""
problems,""""
in,""""
many,""""
of,""""
the,start
banks,.
.,.
intensive,start
audits,""""
are,""""
coming,""""
to,'
"55,500",""""
taxpayers,""""
as,""""
research,""""
guinea,""""
pigs,.
.,.
this,start
is,""""
the,""""
year,:
:,:
unsuspecting,""""
filers,""""
of,""""
1988,""""
personal,""""
returns,""""
are,""""
being,""""
picked,'
randomly,""""
for,""""
thorough,'
audits,""""
to,""""
help,""""
the,""""
irs,'
update,""""
its,'
criteria,""""
for,""""
enforcement,(
",",","
audit,'
selection,(
",",","
and,""""
use,""""
of,""""
resources,.
.,.
the,start
last,DT
taxpayer,""""
compliance,""""
measurement,""""
program,""""
survey,""""
covered,""""
1985,""""
returns,.
.,.
the,start
1988-return,""""
project,'
starts,'
jan.,""""
1,""""
and,""""
is,""""
to,""""
be,""""
done,""""
by,""""
may,""""
31,NNP
",",","
1991,.
.,.
specially,start
trained,""""
irs,'
agents,""""
will,""""
look,""""
for,)
under-reported,""""
income,""""
and,""""
unsupported,'
deductions,""""
and,""""
credits,.
.,.
the,start
agents,""""
will,""""
make,""""
more,""""
than,'
routine,'
inquiries,""""
about,""""
such,""""
items,""""
as,""""
marital,""""
status,""""
and,""""
dependents,""""
;,""""
they,""""
want,""""
to,""""
look,""""
at,)
living,""""
standards,""""
and,""""
business,""""
assets,.
.,.
but,start
they,""""
also,""""
are,""""
to,""""
see,""""
that,""""
taxpayers,""""
get,""""
all,""""
allowable,""""
tax,""""
benefits,""""
and,""""
to,""""
ask,""""
if,)
filers,""""
who,""""
sought,""""
irs,""""
aid,""""
were,'
satisfied,""""
with,""""
it,.
.,.
courts,start
have,""""
ruled,""""
that,""""
taxpayers,""""
must,'
submit,""""
to,'
tcmp,'
audits,","
",",","
but,""""
the,""""
irs,""""
will,""""
excuse,""""
from,""""
the,""""
fullscale,""""
rigors,""""
anyone,""""
who,""""
was,'
audited,""""
without,""""
change,""""
for,""""
either,""""
1986,""""
or,""""
1987,.
.,.
rewards,start
have,""""
been,""""
suggested,""""
--,""""
but,""""
never,""""
adopted,""""
--,""""
for,)
filers,""""
who,""""
come,""""
through,'
tcmp,'
audits,""""
without,""""
change,.
.,.
penalty,start
overhaul,""""
is,""""
still,""""
likely,'
",",","
congressional,'
sources,""""
say,.
.,.
long-debated,start
proposals,""""
to,'
simplify,""""
the,""""
more,""""
than,""""
150,""""
civil,'
penalties,""""
and,""""
make,""""
them,'
fairer,""""
and,""""
easier,""""
to,'
administer,""""
are,""""
in,""""
the,""""
house,""""
tax,""""
bill,.
.,.
but,start
they,""""
were,""""
stripped,""""
from,""""
the,""""
senate,""""
bill,""""
after,)
staffers,""""
estimated,RBR
penalty,""""
revenue,""""
would,'
fall,""""
by,WDT
$,$
216,""""
million,""""
over,""""
five,""""
years,.
.,.
still,'
",",","
congressional,""""
aides,""""
say,'
penalty,""""
reform,""""
is,""""
a,""""
strong,'
candidate,""""
for,'
enactment,'
",",","
even,""""
if,""""
not,""""
this,""""
time,""""
around,'
",",","
although,""""
some,'
provisions,""""
may,""""
be,NN
modified,.
.,.
sen.,start
pryor,LS
(,(
d.,'
",",","
ark.,(
),)
",",","
a,""""
leader,""""
on,""""
the,""""
issue,""""
who,""""
generally,'
backs,""""
the,""""
house,""""
plan,'
",",","
wants,""""
some,""""
changes,""""
--,""""
for,""""
one,'
",",","
separate,'
sanctions,""""
for,""""
negligence,""""
and,""""
large,'
misstatements,""""
of,""""
tax,""""
owed,'
",",","
not,""""
a,""""
single,VBP
penalty,.
.,.
he,start
would,""""
ease,""""
the,""""
proposed,RBR
penalties,""""
for,'
delayed,'
payroll-tax,""""
deposits,""""
and,""""
for,'
faulty,""""
form,""""
1099,""""
and,""""
other,""""
reports,""""
that,""""
taxpayers,'
correct,POS
voluntarily,.
.,.
the,start
general,DT
accounting,""""
office,""""
urges,""""
congress,""""
to,'
ensure,""""
that,""""
all,""""
penalties,""""
retain,""""
their,""""
force,""""
as,'
deterrents,.
.,.
taxpayers,start
',""""
rights,""""
are,'
defined,""""
by,""""
a,""""
growing,""""
number,""""
of,""""
states,.
.,.
the,start
1988,""""
tax,""""
act,""""
created,""""
a,""""
federal,""""
bill,""""
of,""""
rights,""""
spelling,""""
out,""""
irs,""""
duties,""""
to,""""
protect,""""
taxpayers,""""
',""""
rights,""""
in,""""
the,start
assessment,""""
and,""""
collection,""""
of,""""
taxes,.
.,.
states,start
are,""""
following,""""
suit,.
.,.
california,start
enacted,""""
a,""""
rights,""""
law,""""
in,""""
1988,.
.,.
in,start
1989,:
",",","
illinois,:
",",","
kansas,:
",",","
ohio,:
",",","
oregon,""""
and,""""
south,'
carolina,""""
have,""""
adopted,""""
rights,""""
laws,:
",",","
the,'
federation,""""
of,""""
tax,:
administrators,:
",",","
a,""""
state,""""
officials,""""
',""""
group,:
",",","
reports,""""
;,""""
the,'
features,""""
vary,.
.,.
and,start
taxpayer,""""
groups,""""
are,""""
urging,""""
legislation,""""
in,""""
many,""""
other,""""
states,.
.,.
one,start
group,""""
is,""""
the,""""
committee,""""
on,""""
state,'
taxation,(
",",","
which,'
comprises,'
330,'
multistate,""""
corporations,""""
and,""""
advises,""""
the,""""
council,""""
of,""""
state,'
chambers,""""
of,""""
commerce,.
.,.
the,start
group,""""
's,""""
mark,""""
cahoon,""""
says,""""
its,""""
efforts,""""
begun,""""
in,""""
1989,""""
have,""""
led,""""
to,""""
the,start
introduction,""""
of,""""
bills,""""
in,""""
massachusetts,(
",",","
minnesota,""""
and,""""
colorado,""""
to,""""
establish,'
evenhanded,""""
procedures,""""
affecting,""""
all,""""
kinds,""""
of,""""
taxpayers,.
.,.
the,start
group,""""
also,""""
seeks,'
uniformity,""""
among,""""
states,""""
in,)
provisions,""""
for,""""
taxpayers,""""
',""""
rights,.
.,.
this,start
week,DT
",",","
new,""""
york,""""
city,""""
announced,""""
a,'
10-point,""""
policy,""""
patterned,""""
on,""""
the,""""
federal,""""
bill,""""
of,""""
rights,""""
for,""""
taxpayers,.
.,.
the,start
mileage,""""
rate,""""
allowed,""""
for,""""
business,""""
use,""""
of,""""
a,""""
car,""""
in,""""
1989,""""
has,'
risen,""""
to,'
25.5,""""
cents,""""
a,""""
mile,""""
for,""""
the,start
first,""""
"15,000",""""
from,""""
24,""""
cents,""""
in,""""
1988,NNP
",",","
the,start
irs,""""
says,""""
;,""""
the,start
rate,""""
stays,""""
11,""""
cents,""""
for,""""
each,""""
added,POS
mile,""""
.,.
also,start
unaltered,RB
:,:
12,""""
cents,""""
for,)
charitable,""""
activities,""""
and,""""
nine,""""
cents,""""
for,)
medical,""""
and,""""
moving,""""
costs,.
.,.
ira,start
balances,""""
could,""""
be,""""
used,""""
to,'
qualify,""""
for,""""
bank,""""
services,""""
under,""""
a,""""
bill,""""
entered,""""
by,'
reps.,'
chandler,'
(,(
r.,(
",",","
wash,.
.,.
),)
and,)
andrews,'
(,(
d.,(
",",","
texas,'
),)
.,.
the,start
bill,""""
would,'
thwart,""""
a,""""
recent,""""
labor,""""
department,""""
opinion,""""
that,""""
investing,'
individual-retirement-account,""""
funds,""""
to,'
earn,""""
free,'
checking,""""
violates,""""
the,start
law,.
.,.
hugo,start
felled,LS
vast,'
timberlands,.
.,.
south,start
carolina,""""
's,""""
congressional,'
delegation,""""
has,'
entered,""""
senate,""""
and,""""
house,""""
bills,""""
to,""""
provide,""""
special,'
casualty-loss,""""
treatment,""""
and,""""
other,""""
tax,""""
relief,""""
for,'
timber,'
growers,""""
in,""""
the,'
hurricane,""""
disaster,""""
areas,.
.,.
he,start
rode,""""
his,'
hobby,'
",",","
but,""""
he,start
could,""""
n't,""""
milk,""""
it,'
",",","
the,""""
tax,""""
court,""""
says,.
.,.
the,start
court,""""
often,'
weighs,'
deductions,""""
of,""""
sideline-business,""""
costs,CD
:,:
do,""""
they,'
stem,""""
from,""""
a,'
profit-seeking,""""
activity,""""
or,""""
a,'
nondeductible,""""
hobby,""""
?,""""
but,""""
it,""""
's,""""
rare,""""
to,""""
see,""""
both,'
functions,""""
in,""""
one,""""
case,.
.,.
charles,start
o.,NNP
givens,""""
of,'
mount,VBZ
vernon,NNP
",",","
ind.,""""
-,""""
investment,NNPS
broker,NNP
",",","
ex-accountant,NNP
",",","
and,""""
son,""""
of,'
a,""""
former,""""
stable,""""
owner,'
-,""""
bred,'
tennessee,'
walking,'
horses,""""
for,""""
six,""""
years,NNP
",",","
raised,'
cattle,""""
for,""""
four,NNP
",",","
and,""""
never,""""
made,""""
a,""""
profit,""""
on,""""
either,.
.,.
he,start
claimed,""""
losses,""""
totaling,'
$,$
"42,455",""""
--,""""
and,""""
the,""""
irs,'
denied,""""
them,""""
all,.
.,.
special,start
judge,JJ
galloway,'
noted,""""
that,'
givens,""""
managed,'
horse-breeding,""""
in,""""
a,'
businesslike,""""
way,:
:,:
he,""""
kept,""""
detailed,""""
accounts,VBN
",",","
practiced,'
soil,'
conservation,VBN
",",","
enhanced,""""
his,""""
experience,""""
by,""""
consulting,""""
experts,VBN
",",","
spent,""""
several,""""
hours,""""
a,'
day,""""
doing,""""
chores,VBN
",",","
and,""""
dropped,""""
the,'
sideline,""""
when,""""
his,""""
best,""""
brood,""""
mare,""""
died,.
.,.
yet,""""
he,""""
took,""""
little,'
businesslike,""""
care,""""
with,""""
his,'
cattle,:
:,:
he,""""
had,""""
no,'
prior,""""
experience,""""
and,""""
did,""""
n't,""""
seek,""""
business,""""
counsel,""""
about,""""
them,.
.,.
the,start
judge,""""
said,'
givens,""""
may,'
deduct,""""
his,'
$,$
"30,180",""""
of,""""
losses,""""
from,'
horse,'
breeding,(
",",","
but,""""
rejected,""""
the,start
$,$
"12,275",""""
in,)
deductions,""""
from,'
the,start
cattle,""""
operation,.
.,.
briefs,start
:,:
the,""""
irs,""""
already,""""
is,""""
doing,""""
intensive,'
tcmp,""""
audits,""""
of,)
"19,000",""""
returns,""""
for,""""
1987,""""
and,""""
fiscal,""""
1988,""""
filed,""""
by,""""
corporations,""""
with,""""
under,RP
$,$
10,""""
million,""""
in,""""
assets,""""
...,.
.,.
president,start
bush,""""
says,""""
he,""""
will,""""
name,""""
donald,""""
e.,'
kirkendall,""""
to,""""
the,""""
new,""""
treasury,""""
post,""""
of,)
inspector,""""
general,NNS
",",","
which,""""
has,""""
responsibilities,""""
for,""""
the,""""
irs,""""
...,.
.,.
the,start
u.s.,""""
and,""""
finland,""""
signed,""""
an,""""
income-tax,""""
treaty,(
",",","
subject,""""
to,'
ratification,.
.,.
stewart,start
&,LS
stevenson,""""
services,""""
inc.,""""
said,""""
it,""""
received,""""
two,""""
contracts,""""
totaling,'
$,$
19,""""
million,""""
to,""""
build,'
gas-turbine,)
generators,.
.,.
the,start
separate,""""
contracts,""""
were,""""
from,)
paragould,""""
light,""""
&,""""
water,""""
commission,(
",",","
a,""""
utility,""""
in,'
paragould,""""
",",","
ark.,(
",",","
and,""""
pse,""""
inc.,(
",",","
a,""""
cogeneration-plant,""""
operator,""""
in,'
houston,.
.,.
stewart,start
&,LS
stevenson,""""
makes,'
equipment,'
powered,""""
with,)
diesel,""""
and,""""
gas,FW
turbines,.
.,.
j.c.,start
penney,""""
co.,'
",",","
dallas,'
",",","
said,""""
it,""""
issued,'
$,$
350,""""
million,""""
of,""""
securities,""""
backed,""""
by,""""
credit-card,PRP
receivables,.
.,.
the,start
offering,""""
was,""""
priced,""""
with,""""
an,'
8.95,""""
%,""""
coupon,""""
rate,""""
at,)
99.1875,""""
%,""""
to,'
yield,'
9.19,""""
%,""""
.,.
the,start
retailer,""""
said,""""
the,start
securities,""""
are,""""
expected,""""
to,""""
be,'
rated,VBD
triple-a,""""
by,""""
standard,""""
&,""""
poor,""""
's,""""
corp.,""""
and,""""
aaa,""""
by,""""
moody,""""
's,""""
investors,""""
service,""""
inc,.
.,.
they,start
pay,""""
interest,""""
only,""""
for,)
115,""""
months,TO
",",","
with,""""
principal,""""
payments,""""
beginning,'
thereafter,.
.,.
the,start
expected,""""
average,""""
life,""""
of,""""
the,start
certificates,""""
is,""""
10,""""
years,(
",",","
with,""""
the,start
final,""""
scheduled,""""
payment,""""
in,""""
october,(
",",","
2001,.
.,.
first,start
boston,""""
corp.,""""
is,""""
sole,)
underwriter,.
.,.
as,start
part,""""
of,""""
the,""""
transaction,:
",",","
j.c.,)
penney,""""
will,""""
sell,""""
a,'
portion,""""
of,""""
its,""""
credit-card,""""
receivables,""""
to,""""
its,""""
jcp,""""
receivables,""""
inc.,""""
unit,:
",",","
which,""""
will,""""
then,""""
transfer,""""
them,""""
to,""""
a,'
master,""""
trust,.
.,.
the,start
trust,""""
will,""""
issue,""""
the,start
certificates,.
.,.
credit,start
support,""""
will,""""
be,""""
provided,""""
by,""""
a,""""
letter,""""
of,""""
credit,start
facility,""""
from,""""
credit,start
suisse,""""
in,""""
favor,""""
of,""""
the,'
trustee,(
",",","
fuji,""""
bank,""""
&,""""
trust,""""
co.,(
",",","
for,""""
the,'
benefit,""""
of,""""
the,'
certificate,""""
holders,.
.,.
j.c.,start
penney,""""
will,""""
continue,""""
to,""""
service,""""
the,'
receivables,.
.,.
yields,start
on,NNS
savings-type,""""
certificates,""""
of,""""
deposit,""""
dropped,RBR
slightly,""""
in,""""
the,""""
week,""""
ended,""""
yesterday,.
.,.
the,start
average,DT
yield,""""
on,""""
a,""""
six-month,'
cd,""""
of,RP
$,$
"50,000",""""
or,""""
less,""""
was,""""
7.90,""""
%,NNS
",",","
compared,""""
with,)
7.94,""""
%,NNS
a,""""
week,""""
earlier,.
.,.
the,start
average,""""
one-year,'
savings-type,""""
cd,""""
was,""""
down,""""
to,'
7.99,""""
%,""""
from,)
8.01,""""
%,""""
",",","
according,""""
to,'
banxquote,""""
money,""""
markets,TO
",",","
a,""""
new,""""
york,""""
information,""""
service,""""
that,""""
tracks,""""
cd,""""
yields,.
.,.
``,start
this,""""
week,""""
was,'
uneventful,""""
for,""""
the,'
cd,""""
market,(
",",","
'',""""
said,'
norberto,'
mehl,(
",",","
chairman,""""
of,'
banxquote,.
.,.
``,""""
the,""""
major,""""
banks,""""
have,""""
n't,""""
even,'
reacted,""""
to,""""
sharp,'
rises,""""
in,""""
the,""""
three-month,""""
treasury,""""
bill,""""
rates,""""
'',""""
in,""""
the,""""
past,""""
two,""""
weeks,.
.,.
banks,start
that,NNS
adjusted,'
payouts,""""
on,)
cds,""""
in,""""
the,""""
most,""""
recent,""""
week,""""
made,""""
only,'
fractional,""""
moves,TO
",",","
he,""""
said,.
.,.
the,start
cd,""""
trend,""""
runs,""""
counter,""""
to,""""
the,start
direction,""""
of,""""
short-term,""""
interest,""""
rates,""""
at,""""
the,start
treasury,""""
bill,""""
auction,""""
monday,.
.,.
the,start
average,""""
six-month,""""
bill,""""
was,""""
sold,""""
with,""""
a,'
yield,""""
of,""""
8.04,""""
%,NNS
",",","
up,""""
from,""""
7.90,""""
%,NNS
.,.
the,start
average,""""
three-month,""""
issue,""""
rose,""""
to,""""
8.05,""""
%,""""
from,)
7.77,""""
%,""""
.,.
typically,TO
",",","
banks,""""
offer,'
cd,""""
yields,""""
higher,""""
than,""""
those,""""
on,""""
treasury,""""
bills,TO
",",","
which,""""
are,""""
considered,""""
the,'
safest,""""
short-term,""""
investments,""""
;,""""
banks,""""
need,""""
a,'
competitive,""""
edge,""""
to,""""
sell,""""
their,""""
products,.
.,.
but,start
when,""""
market,""""
interest,""""
rates,""""
move,""""
up,""""
rapidly,""""
",",","
increases,""""
in,""""
bank,""""
cd,""""
yields,""""
sometimes,)
lag,.
.,.
most,""""
yields,""""
on,""""
short-term,IN
jumbo,NNS
cds,","
",",","
those,""""
with,)
denominations,""""
over,""""
$,$
"90,000",","
",",","
also,""""
moved,""""
in,""""
the,'
opposite,""""
direction,""""
of,""""
treasury,""""
bill,""""
yields,""""
.,.
the,start
average,""""
six-month,'
yield,""""
on,""""
a,'
jumbo,""""
cd,""""
was,""""
at,""""
7.90,""""
%,NNS
",",","
down,""""
from,)
7.93,""""
%,NNS
",",","
banxquote,""""
said,.
.,.
for,start
longer-term,IN
cds,NNS
",",","
yields,""""
were,""""
up,.
.,.
the,start
average,DT
two-year,""""
and,""""
five-year,""""
jumbos,""""
were,""""
up,""""
0.02,""""
of,""""
a,""""
percentage,""""
point,""""
to,'
7.91,""""
%,""""
and,""""
7.96,""""
%,""""
",",","
respectively,.
.,.
however,start
",",","
cds,""""
sold,""""
through,""""
major,'
broker-dealer,""""
networks,""""
were,""""
up,""""
slightly,""""
almost,""""
across,""""
the,""""
board,.
.,.
the,start
average,""""
six-month,'
cd,""""
in,""""
that,'
category,""""
added,'
0.05,""""
percentage,""""
point,""""
to,""""
8.35,""""
%,NNS
",",","
for,""""
example,.
.,.
mr.,start
mehl,""""
attributed,""""
the,""""
rise,""""
specifically,""""
to,""""
the,""""
treasury,""""
bill,""""
increase,.
.,.
among,""""
the,""""
major,""""
banks,""""
surveyed,""""
by,)
banxquote,""""
in,""""
six,""""
regions,""""
of,""""
the,""""
country,NNS
",",","
8.33,""""
%,""""
is,""""
the,""""
highest,""""
yield,""""
available,.
.,.
it,start
is,""""
offered,""""
by,""""
the,'
flagship,""""
banks,""""
of,""""
new,""""
york,""""
's,""""
manufacturers,""""
hanover,""""
corp.,""""
in,""""
the,'
one-year,""""
maturity,""""
only,.
.,.
the,start
yield,""""
is,""""
offered,""""
across,""""
a,""""
range,""""
of,""""
maturities,""""
at,""""
san,'
francisco,""""
's,""""
bankamerica,""""
corp.,""""
and,""""
wells,'
fargo,""""
&,""""
co,.
.,.
just,start
two,""""
weeks,""""
ago,""""
",",","
bankamerica,""""
's,""""
yields,""""
in,""""
many,""""
of,""""
those,""""
maturities,""""
was,'
8.61,""""
%,.
.,.
still,(
",",","
on,""""
average,(
",",","
the,""""
major,""""
california,""""
banks,""""
have,""""
the,""""
highest,""""
yields,""""
on,""""
cds,(
",",","
according,""""
to,'
banxquote,.
.,.
the,start
average,DT
yield,""""
there,""""
on,""""
six-month,""""
issues,""""
is,'
8.32,""""
%,.
.,.
mci,start
communications,""""
corp.,""""
said,""""
it,""""
received,""""
a,""""
three-year,""""
contract,""""
valued,""""
at,""""
more,""""
than,RP
$,$
15,""""
million,""""
to,""""
provide,""""
network,:
",",","
credit-card,""""
and,""""
other,""""
telecommunications,""""
services,""""
to,""""
drexel,'
burnham,""""
lambert,""""
inc,.
.,.
armstrong,start
world,""""
industries,""""
inc.,""""
agreed,""""
in,""""
principle,""""
to,""""
sell,""""
its,""""
carpet,""""
operations,""""
to,""""
shaw,""""
industries,""""
inc,.
.,.
the,start
price,""""
was,""""
n't,""""
disclosed,""""
but,""""
one,""""
analyst,""""
estimated,""""
that,""""
it,""""
was,""""
$,$
150,""""
million,.
.,.
armstrong,(
",",","
which,""""
has,'
faced,""""
a,'
takeover,""""
threat,""""
from,""""
the,'
belzberg,""""
family,""""
of,""""
canada,""""
since,""""
july,(
",",","
said,""""
that,'
disposing,""""
of,""""
the,'
carpet,""""
business,""""
would,""""
improve,'
``,""""
total,""""
financial,""""
performance,.
.,.
'',""""
the,""""
move,""""
also,""""
would,""""
allow,""""
the,""""
company,""""
to,'
concentrate,""""
on,""""
core,""""
businesses,(
",",","
which,""""
include,'
ceramic,'
tile,(
",",","
floor,""""
coverings,""""
and,'
furniture,.
.,.
moreover,(
",",","
such,""""
a,""""
sale,""""
could,""""
help,""""
armstrong,'
reassure,""""
its,""""
investors,""""
and,""""
deter,""""
the,'
belzbergs,(
",",","
who,""""
own,""""
a,""""
9.85,""""
%,""""
stake,""""
in,""""
the,'
lancaster,(
",",","
pa.,(
",",","
company,.
.,.
analysts,start
expect,""""
armstrong,""""
to,""""
use,""""
proceeds,""""
of,""""
the,""""
sale,""""
to,""""
reduce,""""
debt,NNS
",",","
buy,""""
back,""""
stock,""""
or,""""
perhaps,""""
finance,""""
an,""""
acquisition,.
.,.
the,start
carpet,""""
division,""""
had,""""
1988,""""
sales,""""
of,""""
$,$
368.3,""""
million,NNP
",",","
or,""""
almost,""""
14,""""
%,""""
of,""""
armstrong,""""
's,""""
$,$
2.68,""""
billion,""""
total,""""
revenue,.
.,.
