one,CD
of,IN
them,PRP
",",","
25-year-old,JJ
markus,NNP
hess,NNP
of,IN
hannover,NNP
",",","
allegedly,RB
used,VBD
the,DT
international,JJ
telecommunications,NN
network,NN
to,TO
break,VB
into,IN
more,JJR
than,IN
30,CD
high-security,JJ
computers,NNS
in,IN
the,DT
u.s.,NNP
",",","
searching,VBG
for,IN
secrets,NNS
.,.
EOS,EOS
he,PRP
probably,RB
did,VBD
n't,RB
penetrate,VB
any,DT
top-secret,JJ
files,NNS
",",","
but,CC
the,DT
kgb,NNP
in,IN
east,NNP
berlin,NNP
was,VBD
willing,JJ
to,TO
pay,VB
two,CD
of,IN
his,PRP$
associates,NNS
",",","
peter,NNP
carl,NNP
and,CC
dirk,NNP
brezinski,NNP
",",","
$,$
"15,000",CD
for,IN
some,DT
of,IN
the,DT
material,NN
hess,NNP
collected,VBD
.,.
EOS,EOS
they,PRP
promised,VBD
yet,RB
more,JJR
for,IN
really,RB
good,JJ
stuff,NN
.,.
EOS,EOS
mr.,NNP
stoll,NNP
draws,VBZ
his,PRP$
title,NN
from,IN
the,DT
cuckoo,NN
's,POS
habit,NN
of,IN
laying,VBG
eggs,NNS
in,IN
the,DT
nests,NNS
of,IN
other,JJ
birds,NNS
",",","
making,VBG
them,PRP
surrogate,JJ
parents,NNS
.,.
EOS,EOS
the,DT
computer,NN
spy,NN
had,VBD
discovered,VBN
that,IN
a,DT
popular,JJ
editing*slashhere*electronic,JJ
mail,NN
program,NN
called,VBN
gnu-emacs,NNP
could,MD
do,VB
tricks,NNS
with,IN
the,DT
widely,RB
used,JJ
unix,NNP
operating,VBG
system,NN
created,VBN
by,IN
at&t,NNP
.,.
EOS,EOS
using,VBG
gnu-emacs,NNP
",",","
the,DT
spy,NN
could,MD
substitute,VB
a,DT
bogus,JJ
``,``
atrun,JJ
'',''
program,NN
for,IN
the,DT
one,NN
that,WDT
routinely,RB
cleans,VBZ
up,RP
the,DT
unix,NNP
system,NN
every,DT
five,CD
minutes,NNS
.,.
EOS,EOS
once,RB
his,PRP$
cuckoo,NN
's,POS
egg,NN
was,VBD
laid,VBN
",",","
he,PRP
could,MD
enter,VB
unix,NNP
and,CC
become,VB
a,DT
``,``
super-user,NN
",",","
'',''
with,IN
access,NN
to,TO
everything,NN
.,.
EOS,EOS
mr.,NNP
stoll,NNP
was,VBD
scanning,VBG
the,DT
heavens,NNS
at,IN
the,DT
keck,NNP
observatory,NN
of,IN
the,DT
lawrence,NNP
berkeley,NNP
laboratory,NNP
in,IN
1986,CD
when,WRB
his,PRP$
grant,NN
ran,VBD
low,RB
and,CC
he,PRP
was,VBD
asked,VBN
to,TO
switch,VB
to,TO
helping,VBG
run,VB
the,DT
lab,NN
's,POS
computers,NNS
.,.
EOS,EOS
he,PRP
discovered,VBD
a,DT
75-cent,JJ
discrepancy,NN
in,IN
the,DT
charges,NNS
made,VBN
to,TO
various,JJ
departments,NNS
for,IN
computer,NN
time,NN
and,CC
traced,VBD
it,PRP
to,TO
a,DT
user,NN
named,VBN
``,``
hunter,NNP
",",","
'',''
who,WP
had,VBD
no,DT
valid,JJ
billing,NN
address,NN
.,.
EOS,EOS
mr.,NNP
stoll,NNP
suspected,VBD
the,DT
intruder,NN
was,VBD
one,CD
of,IN
those,DT
precocious,JJ
students,NNS
who,WP
has,VBZ
fun,NN
breaking,VBG
into,IN
computers,NNS
.,.
EOS,EOS
but,CC
after,IN
much,JJ
tracking,NN
",",","
it,PRP
became,VBD
evident,JJ
to,TO
mr.,NNP
stoll,NNP
",",","
through,IN
various,JJ
clues,NNS
",",","
that,IN
the,DT
hacker,NN
was,VBD
not,RB
on,IN
the,DT
berkeley,NNP
campus,NN
or,CC
even,RB
in,IN
california,NNP
.,.
EOS,EOS
finding,VBG
him,PRP
became,VBD
an,DT
obsession,NN
for,IN
mr.,NNP
stoll,NNP
.,.
EOS,EOS
he,PRP
made,VBD
a,DT
midnight,NN
requisition,NN
of,IN
all,PDT
the,DT
printers,NNS
he,PRP
could,MD
lay,VB
hands,NNS
on,RB
so,IN
that,IN
he,PRP
could,MD
monitor,VB
all,PDT
the,DT
telephone,NN
lines,NNS
coming,VBG
into,IN
the,DT
lab,NN
's,POS
computers,NNS
.,.
EOS,EOS
after,IN
discovering,VBG
that,IN
the,DT
hacker,NN
had,VBD
taken,VBN
over,RP
the,DT
dormant,JJ
account,NN
of,IN
a,DT
legitimate,JJ
user,NN
named,VBN
joe,NNP
sventek,NNP
",",","
he,PRP
rigged,VBD
up,RP
an,DT
alarm,NN
system,NN
",",","
including,VBG
a,DT
portable,JJ
beeper,NN
",",","
to,TO
alert,VB
him,PRP
when,WRB
sventek,NNP
came,VBD
on,IN
the,DT
line,NN
.,.
EOS,EOS
some,DT
nights,NNS
he,PRP
slept,VBD
under,IN
his,PRP$
desk,NN
.,.
EOS,EOS
his,PRP$
boss,NN
complained,VBD
about,IN
neglect,NN
of,IN
other,JJ
chores,NNS
.,.
EOS,EOS
the,DT
hacker,NN
was,VBD
pawing,VBG
over,IN
the,DT
berkeley,NNP
files,NNS
but,CC
also,RB
using,VBG
berkeley,NNP
and,CC
other,JJ
easily,RB
accessible,JJ
computers,NNS
as,IN
stepping,JJ
stones,NNS
to,TO
the,DT
network,NN
of,IN
computers,NNS
used,VBN
by,IN
the,DT
military,NN
and,CC
national,JJ
security,NN
agencies,NNS
.,.
EOS,EOS
the,DT
white,NNP
sands,NNPS
missile,NN
range,NN
and,CC
cia,NNP
contractor,NN
mitre,NNP
inc.,NNP
were,VBD
among,IN
the,DT
targets,NNS
.,.
EOS,EOS
when,WRB
the,DT
hacker,NN
moved,VBD
",",","
mr.,NNP
stoll,NNP
moved,VBD
too,RB
",",","
calling,VBG
up,RP
other,JJ
systems,NNS
managers,NNS
to,TO
alert,VB
them,PRP
but,CC
keeping,VBG
his,PRP$
own,JJ
system,NN
open,JJ
to,TO
avoid,VB
arousing,VBG
suspicion,NN
.,.
EOS,EOS
sometimes,RB
",",","
if,IN
the,DT
hacker,NN
seemed,VBD
to,TO
be,VB
into,IN
a,DT
sensitive,JJ
file,NN
",",","
he,PRP
would,MD
drag,VB
his,PRP$
keychain,NN
across,IN
the,DT
terminal,NN
to,TO
create,VB
static,JJ
or,CC
slow,VB
the,DT
system,NN
down,RP
to,TO
frustrate,VB
his,PRP$
quarry,NN
.,.
EOS,EOS
the,DT
fbi,NNP
initially,RB
showed,VBD
little,JJ
interest,NN
",",","
and,CC
he,PRP
had,VBD
the,DT
impression,NN
other,JJ
federal,JJ
security,NN
agencies,NNS
were,VBD
tangled,VBN
up,RB
in,IN
legal,JJ
red,JJ
tape,NN
.,.
EOS,EOS
the,DT
cia,NNP
told,VBD
him,PRP
it,PRP
does,VBZ
not,RB
do,VB
domestic,JJ
counterespionage,NN
.,.
EOS,EOS
one,PRP
learns,VBZ
a,DT
lot,NN
from,IN
this,DT
book,NN
",",","
or,CC
seems,VBZ
to,TO
",",","
about,IN
crippling,JJ
federal,JJ
bureaucracy,NN
.,.
EOS,EOS
``,``
seems,VBZ
to,TO
'',''
because,IN
it,PRP
's,VBZ
possible,JJ
that,IN
the,DT
cia,NNP
and,CC
the,DT
national,NNP
security,NNP
agency,NNP
were,VBD
more,RBR
interested,JJ
than,IN
they,PRP
let,VB
on,RB
to,TO
mr.,NNP
stoll,NNP
.,.
EOS,EOS
finally,RB
",",","
he,PRP
got,VBD
help,NN
.,.
EOS,EOS
tymnet,NNP
is,VBZ
a,DT
major,JJ
network,NN
linking,VBG
computers,NNS
.,.
EOS,EOS
one,CD
of,IN
its,PRP$
international,JJ
specialists,NNS
",",","
steve,NNP
white,NNP
",",","
took,VBD
a,DT
quick,JJ
interest,NN
in,IN
mr.,NNP
stoll,NNP
's,POS
hunt,NN
",",","
ultimately,RB
tracing,VBG
the,DT
hacker,NN
to,TO
west,NNP
germany,NNP
.,.
EOS,EOS
the,DT
west,NNPS
germans,NNPS
then,RB
took,VBD
over,RB
and,CC
finally,RB
found,VBD
markus,NNP
hess,NNP
.,.
EOS,EOS
eventually,RB
",",","
mr.,NNP
stoll,NNP
was,VBD
invited,VBN
to,TO
both,DT
the,DT
cia,NNP
and,CC
nsa,NNP
to,TO
brief,VB
high-ranking,JJ
officers,NNS
on,IN
computer,NN
theft,NN
.,.
EOS,EOS
he,PRP
savored,VBD
the,DT
humor,NN
of,IN
his,PRP$
uncombed,JJ
appearance,NN
among,IN
these,DT
buttoned-up,JJ
chaps,NNS
.,.
EOS,EOS
back,RB
in,IN
berkeley,NNP
",",","
he,PRP
was,VBD
violently,RB
scolded,VBN
by,IN
a,DT
left-wing,JJ
lady,NN
friend,NN
for,IN
consorting,VBG
with,IN
such,JJ
people,NNS
.,.
EOS,EOS
he,PRP
became,VBD
angry,JJ
in,IN
return,NN
.,.
EOS,EOS
he,PRP
had,VBD
developed,VBN
a,DT
hatred,NN
for,IN
the,DT
hacker,NN
and,CC
a,DT
grudging,JJ
appreciation,NN
of,IN
the,DT
federal,JJ
``,``
spooks,NNS
'',''
who,WP
make,VBP
national,JJ
security,NN
their,PRP$
business,NN
.,.
EOS,EOS
at,IN
several,JJ
different,JJ
levels,NNS
",",","
it,PRP
's,VBZ
a,DT
fascinating,JJ
tale,NN
.,.
EOS,EOS
mr.,NNP
melloan,NNP
is,VBZ
deputy,JJ
editor,NN
of,IN
the,DT
journal,NNP
.,.
EOS,EOS
giovanni,NNP
agnelli,NNP
&,CC
co.,NNP
announced,VBD
a,DT
transaction,NN
that,WDT
will,MD
strengthen,VB
its,PRP$
indirect,JJ
control,NN
of,IN
fiat,NNP
s.p,NNP
.,.
EOS,EOS
a.,NNP
and,CC
will,MD
admit,VB
prince,NNP
karim,NNP
aga,NNP
khan,NNP
as,IN
its,PRP$
first,JJ
non-family,JJ
shareholder,NN
.,.
EOS,EOS
giovanni,NNP
agnelli,NNP
",",","
a,DT
limited,JJ
partnership,NN
that,WDT
is,VBZ
the,DT
master,NN
holding,VBG
company,NN
for,IN
fiat,NNP
's,POS
agnelli,NNP
family,NN
",",","
owns,VBZ
approximately,RB
75,CD
%,NN
of,IN
the,DT
shares,NNS
in,IN
istituto,NNP
finanziario,NNP
industriale,NNP
",",","
which,WDT
in,IN
turn,NN
owns,VBZ
approximately,RB
40,CD
%,NN
of,IN
fiat,NNP
",",","
italy,NNP
's,POS
biggest,JJS
private-sector,NN
industrial,JJ
group,NN
.,.
EOS,EOS
the,DT
company,NN
said,VBD
maria,NNP
sole,NNP
agnelli,NNP
teodorani,NNP
",",","
sister,NN
of,IN
fiat,NNP
chairman,NNP
giovanni,NNP
agnelli,NNP
",",","
agreed,VBD
to,TO
trade,VB
her,PRP$
shares,NNS
in,IN
ifi,NNP
for,IN
new,JJ
ordinary,JJ
shares,NNS
in,IN
the,DT
limited,JJ
partnership,NN
",",","
which,WDT
will,MD
give,VB
her,PRP$
control,NN
of,IN
4.67,CD
%,NN
of,IN
giovanni,NNP
agnelli,NNP
&,CC
co,NNP
.,.
EOS,EOS
the,DT
aga,NNP
khan,NNP
",",","
meanwhile,RB
",",","
agreed,VBD
to,TO
trade,VB
some,DT
of,IN
his,PRP$
stake,NN
in,IN
luxembourg-based,JJ
ifint,NNP
s.a.,NNP
",",","
another,DT
agnelli,NNP
family,NN
company,NN
",",","
for,IN
7.45,CD
%,NN
of,IN
giovanni,NNP
agnelli,NNP
&,CC
co.,NNP
's,POS
capital,NN
.,.
EOS,EOS
his,PRP$
new,JJ
stake,NN
would,MD
be,VB
in,IN
the,DT
form,NN
of,IN
preferred,JJ
shares,NNS
",",","
which,WDT
receive,VBP
higher,JJR
dividends,NNS
but,CC
have,VBP
voting,VBG
rights,NNS
only,RB
in,IN
extraordinary,JJ
shareholders,NNS
assemblies,NNS
.,.
EOS,EOS
the,DT
aga,NNP
khan,NNP
owns,VBZ
10,CD
%,NN
of,IN
ifint,NNP
's,POS
capital,NN
",",","
while,IN
ifi,NNP
owns,VBZ
23,CD
%,NN
.,.
EOS,EOS
as,IN
a,DT
result,NN
of,IN
the,DT
transaction,NN
",",","
which,WDT
is,VBZ
expected,VBN
to,TO
be,VB
approved,VBN
at,IN
a,DT
shareholders,NNS
meeting,NN
nov.,NNP
24,CD
",",","
giovanni,NNP
agnelli,NNP
&,CC
co.,NNP
will,MD
control,VB
79.18,CD
%,NN
of,IN
ifi,NNP
's,POS
ordinary,JJ
shares,NNS
.,.
EOS,EOS
its,PRP$
capital,NN
will,MD
also,RB
be,VB
raised,VBN
to,TO
232.4,CD
billion,CD
lire,NNS
(,(
$,$
172.5,CD
million,CD
),)
from,IN
the,DT
current,JJ
204.3,CD
billion,CD
lire,NNS
.,.
EOS,EOS
ifi,NNP
also,RB
has,VBZ
nonvoting,JJ
preferred,JJ
shares,NNS
",",","
which,WDT
are,VBP
quoted,VBN
on,IN
the,DT
milan,NNP
stock,NN
exchange,NN
.,.
EOS,EOS
the,DT
value,NN
of,IN
the,DT
two,CD
transactions,NNS
was,VBD
n't,RB
disclosed,VBN
",",","
but,CC
an,DT
ifi,NNP
spokesman,NN
said,VBD
no,DT
cash,NN
would,MD
change,VB
hands,NNS
.,.
EOS,EOS
the,DT
move,NN
strengthens,VBZ
the,DT
existing,VBG
links,NNS
between,IN
the,DT
agnellis,NNPS
and,CC
the,DT
aga,NNP
khan,NNP
",",","
the,DT
head,NN
of,IN
the,DT
world,NN
's,POS
ismaili,NNP
moslems,NNPS
who,WP
is,VBZ
a,DT
longtime,JJ
family,NN
friend,NN
and,CC
frequently,RB
goes,VBZ
sailing,NN
with,IN
mr.,NNP
agnelli,NNP
.,.
EOS,EOS
mr.,NNP
agnelli,NNP
and,CC
the,DT
aga,NNP
khan,NNP
also,RB
have,VBP
some,DT
business,NN
ties,NNS
",",","
and,CC
a,DT
spokesman,NN
for,IN
the,DT
agnelli,NNP
company,NN
did,VBD
n't,RB
rule,VB
out,RB
that,IN
the,DT
current,JJ
agreement,NN
could,MD
lead,VB
to,TO
further,JJ
collaboration,NN
.,.
EOS,EOS
for,IN
instance,NN
",",","
ifint,NNP
earlier,RBR
this,DT
year,NN
bought,VBD
an,DT
18,CD
%,NN
stake,NN
in,IN
alisarda,NNP
",",","
the,DT
aga,NNP
khan,NNP
's,POS
airline,NN
",",","
which,WDT
flies,VBZ
between,IN
italy,NNP
and,CC
sardinia,NNP
.,.
EOS,EOS
giovanni,NNP
agnelli,NNP
&,CC
co.,NNP
",",","
which,WDT
was,VBD
formed,VBN
in,IN
january,NNP
1987,CD
as,IN
a,DT
way,NN
of,IN
keeping,VBG
the,DT
agnellis,NNPS
',POS
controlling,VBG
stake,NN
in,IN
fiat,NNP
together,RB
despite,IN
an,DT
ever-growing,JJ
family,NN
tree,NN
",",","
has,VBZ
been,VBN
playing,VBG
a,DT
more,RBR
active,JJ
role,NN
in,IN
the,DT
agnelli,NNP
group,NN
of,IN
late,RB
.,.
EOS,EOS
it,PRP
raised,VBD
financing,NN
of,IN
300,CD
billion,CD
lire,NNS
for,IN
the,DT
purchase,NN
this,DT
summer,NN
by,IN
another,DT
agnelli-related,JJ
group,NN
of,IN
the,DT
food,NN
concern,NN
galbani,NNP
s.p,NNP
.,.
EOS,EOS
a.,NNP
",",","
by,IN
selling,VBG
a,DT
chunk,NN
of,IN
its,PRP$
ifi,NNP
shares,NNS
to,TO
mediobanca,NNP
s.p,NNP
.,.
EOS,EOS
a.,NNP
mediobanca,NNP
said,VBD
during,IN
the,DT
weekend,NN
that,IN
it,PRP
agreed,VBD
to,TO
sell,VB
the,DT
shares,NNS
back,RP
to,TO
giovanni,NNP
agnelli,NNP
for,IN
333,CD
billion,CD
lire,NNS
.,.
EOS,EOS
japan,NNP
has,VBZ
found,VBN
another,DT
safe,JJ
outlet,NN
for,IN
its,PRP$
money,NN
:,:
u.s.,NNP
home,NN
mortgages,NNS
.,.
EOS,EOS
an,DT
increasing,VBG
number,NN
of,IN
big,JJ
japanese,JJ
investors,NNS
are,VBP
buying,VBG
up,RP
u.s.,NNP
home,NN
mortgages,NNS
that,WDT
have,VBP
been,VBN
pooled,VBN
and,CC
packaged,VBN
for,IN
sale,NN
as,IN
interest-bearing,JJ
instruments,NNS
known,VBN
as,IN
mortgage-backed,JJ
securities,NNS
.,.
EOS,EOS
as,RB
much,JJ
as,IN
10,CD
%,NN
of,IN
new,JJ
u.s.,NNP
mortgage,NN
securities,NNS
issued,VBN
by,IN
the,DT
federal,NNP
national,NNP
mortgage,NNP
association,NNP
",",","
or,CC
fannie,NNP
mae,NNP
",",","
and,CC
federal,NNP
home,NNP
loan,NNP
mortgage,NNP
corp.,NNP
",",","
or,CC
freddie,NNP
mac,NNP
",",","
now,RB
flow,VBP
into,IN
japanese,JJ
hands,NNS
.,.
EOS,EOS
that,DT
may,MD
not,RB
come,VB
as,IN
a,DT
surprise,NN
to,TO
americans,NNPS
who,WP
have,VBP
watched,VBN
the,DT
japanese,NNPS
snap,VBP
up,RP
properties,NNS
in,IN
the,DT
u.s.,NNP
from,IN
golf,NN
courses,NNS
to,TO
a,DT
stake,NN
in,IN
rockefeller,NNP
center,NNP
.,.
EOS,EOS
but,CC
it,PRP
marks,VBZ
a,DT
big,JJ
change,NN
for,IN
the,DT
japanese,NNPS
",",","
who,WP
shunned,VBD
mortgage,NN
securities,NNS
after,IN
getting,VBG
burned,VBN
by,IN
a,DT
big,JJ
downturn,NN
in,IN
interest,NN
rates,NNS
a,DT
few,JJ
years,NNS
back,RB
.,.
EOS,EOS
``,``
you,PRP
ca,MD
n't,RB
say,VB
it,PRP
's,VBZ
a,DT
``,``
tsunami,NN
'',''
(,(
tidal,JJ
wave,NN
),)
",",","
but,CC
we,PRP
're,VBP
making,VBG
some,DT
headway,NN
",",","
'',''
says,VBZ
fannie,NNP
mae,NNP
's,POS
chairman,NN
",",","
david,NNP
o.,NNP
maxwell,NNP
",",","
who,WP
visits,VBZ
tokyo,NNP
at,IN
least,JJS
once,RB
a,DT
year,NN
to,TO
explain,VB
and,CC
drum,VB
up,RP
investor,NN
interest,NN
in,IN
mortgage,NN
securities,NNS
.,.
EOS,EOS
``,``
interest,NN
is,VBZ
a,DT
great,JJ
deal,NN
higher,JJR
than,IN
it,PRP
was,VBD
a,DT
year,NN
ago,RB
.,.
EOS,EOS
'',''
the,DT
steady,JJ
growth,NN
of,IN
the,DT
mortgage,NN
securities,NNS
market,NN
in,IN
the,DT
u.s.,NNP
has,VBZ
even,RB
triggered,VBN
talk,NN
of,IN
building,NN
up,RP
a,DT
similar,JJ
market,NN
here,RB
.,.
EOS,EOS
evidence,NN
of,IN
the,DT
growing,VBG
japanese,JJ
demand,NN
for,IN
mortgage,NN
securities,NNS
abounds,VBZ
.,.
EOS,EOS
earlier,RBR
this,DT
year,NN
",",","
blackstone,NNP
group,NNP
",",","
a,DT
new,NNP
york,NNP
investment,NN
bank,NN
",",","
had,VBD
no,DT
trouble,NN
selling,VBG
out,RP
a,DT
special,JJ
$,$
570,CD
million,CD
mortgage-securities,JJ
trust,NN
it,PRP
created,VBD
for,IN
japanese,JJ
investors,NNS
.,.
EOS,EOS
industrial,NNP
bank,NNP
of,IN
japan,NNP
",",","
which,WDT
claims,VBZ
to,TO
be,VB
the,DT
biggest,JJS
japanese,JJ
buyer,NN
of,IN
u.s.,NNP
mortgage,NN
securities,NNS
",",","
says,VBZ
it,PRP
will,MD
more,RBR
than,IN
double,VB
its,PRP$
purchases,NNS
this,DT
year,NN
",",","
to,TO
an,DT
amount,NN
one,CD
official,NN
puts,VBZ
at,IN
several,JJ
billion,CD
dollars,NNS
.,.
EOS,EOS
and,CC
a,DT
fannie,NNP
mae,NNP
seminar,NN
this,DT
week,NN
promises,VBZ
to,TO
draw,VB
hundreds,NNS
of,IN
prospective,JJ
investors,NNS
",",","
who,WP
can,MD
be,VB
expected,VBN
to,TO
channel,VB
tens,NNS
of,IN
billions,NNS
of,IN
dollars,NNS
into,IN
the,DT
market,NN
in,IN
the,DT
next,JJ
few,JJ
years,NNS
.,.
EOS,EOS
``,``
last,JJ
year,NN
",",","
there,EX
were,VBD
only,RB
several,JJ
big,JJ
investors,NNS
who,WP
were,VBD
interested,JJ
",",","
'',''
says,VBZ
kinji,NNP
kato,NNP
",",","
a,DT
vice,NN
president,NN
at,IN
the,DT
international,JJ
arm,NN
of,IN
nomura,NNP
securities,NNPS
co,NNP
.,.
EOS,EOS
``,``
this,DT
year,NN
",",","
some,DT
investors,NNS
are,VBP
changing,VBG
their,PRP$
policies,NNS
and,CC
investing,VBG
a,DT
lot,NN
.,.
EOS,EOS
'',''
ultimately,RB
",",","
he,PRP
says,VBZ
",",","
strong,JJ
demand,NN
could,MD
help,VB
to,TO
drive,VB
down,RP
interest,NN
rates,NNS
on,IN
mortgage,NN
securities,NNS
.,.
EOS,EOS
at,IN
the,DT
moment,NN
",",","
nomura,NNP
is,VBZ
the,DT
only,JJ
japanese,JJ
institution,NN
authorized,VBN
to,TO
act,VB
as,IN
a,DT
primary,JJ
seller,NN
of,IN
fannie,NNP
mae,NNP
instruments,NNS
.,.
EOS,EOS
but,CC
other,JJ
japanese,JJ
institutions,NNS
say,VBP
privately,RB
that,IN
they,PRP
are,VBP
considering,VBG
asking,VBG
to,TO
join,VB
the,DT
59-dealer,JJ
selling,VBG
group,NN
.,.
EOS,EOS
these,DT
securities,NNS
are,VBP
attractive,JJ
to,TO
japanese,JJ
investors,NNS
for,IN
three,CD
reasons,NNS
.,.
EOS,EOS
first,LS
",",","
they,PRP
are,VBP
safe,JJ
.,.
EOS,EOS
while,IN
they,PRP
are,VBP
n't,RB
backed,VBN
by,IN
the,DT
full,JJ
faith,NN
and,CC
credit,NN
of,IN
the,DT
u.s.,NNP
government,NN
",",","
as,IN
treasury,NNP
bonds,NNS
are,VBP
",",","
it,PRP
is,VBZ
widely,RB
assumed,VBN
that,IN
the,DT
government,NN
would,MD
support,VB
them,PRP
if,IN
necessary,JJ
.,.
EOS,EOS
(,(
u.s.,NNP
treasury,NNP
bonds,NNS
are,VBP
still,RB
the,DT
dollar-denominated,JJ
investment,NN
of,IN
choice,NN
for,IN
long-term,JJ
japanese,JJ
investors,NNS
),)
.,.
EOS,EOS
second,LS
",",","
they,PRP
are,VBP
liquid,JJ
.,.
EOS,EOS
the,DT
secondary,JJ
market,NN
in,IN
federally,RB
backed,JJ
mortgage,NN
securities,NNS
now,RB
exceeds,VBZ
$,$
900,CD
billion,CD
",",","
or,CC
nearly,RB
half,NN
of,IN
the,DT
$,$
2.2,CD
trillion,CD
in,IN
u.s.,NNP
residential,JJ
mortgages,NNS
issued,VBN
.,.
EOS,EOS
third,LS
",",","
they,PRP
offer,VBP
high,JJ
yields,NNS
.,.
EOS,EOS
at,IN
the,DT
moment,NN
",",","
some,DT
offer,VBP
as,RB
much,JJ
as,IN
1.6,CD
to,TO
1.8,CD
percentage,NN
points,NNS
over,IN
treasury,NNP
securities,NNS
of,IN
similar,JJ
maturities,NNS
.,.
EOS,EOS
but,CC
there,EX
is,VBZ
a,DT
risk,NN
",",","
which,WDT
the,DT
japanese,NNPS
discovered,VBD
when,WRB
they,PRP
first,RB
dipped,VBD
their,PRP$
toes,NNS
into,IN
the,DT
market,NN
nearly,RB
five,CD
years,NNS
ago,RB
.,.
EOS,EOS
since,IN
most,JJS
mortgages,NNS
can,MD
be,VB
prepaid,VBN
or,CC
refinanced,VBN
at,IN
any,DT
time,NN
",",","
issuers,NNS
of,IN
mortgage,NN
securities,NNS
retain,VBP
the,DT
right,NN
to,TO
buy,VB
back,RB
their,PRP$
bonds,NNS
before,IN
maturity,NN
.,.
EOS,EOS
that,DT
's,VBZ
a,DT
headache,NN
for,IN
long-term,JJ
investors,NNS
",",","
since,IN
it,PRP
forces,VBZ
them,PRP
to,TO
reinvest,VB
their,PRP$
money,NN
--,:
usually,RB
at,IN
lower,JJR
rates,NNS
than,IN
the,DT
original,JJ
mortgage,NN
securities,NNS
carried,VBD
.,.
EOS,EOS
``,``
two,CD
or,CC
three,CD
years,NNS
ago,RB
",",","
the,DT
problem,NN
was,VBD
that,IN
people,NNS
did,VBD
n't,RB
understand,VB
the,DT
prepayment,NN
risk,NN
",",","
'',''
says,VBZ
nomura,NN
's,POS
mr.,NNP
kato,NNP
.,.
EOS,EOS
``,``
so,RB
they,PRP
were,VBD
surprised,JJ
and,CC
very,RB
disappointed,JJ
by,IN
prepayment,NN
.,.
EOS,EOS
compounding,VBG
the,DT
trouble,NN
to,TO
japanese,JJ
investors,NNS
",",","
mortgage,NN
securities,NNS
pay,VBP
interest,NN
monthly,RB
",",","
since,IN
most,JJS
mortgages,NNS
require,VBP
homeowners,NNS
to,TO
make,VB
monthly,JJ
payments,NNS
.,.
EOS,EOS
but,CC
japanese,JJ
institutional,JJ
investors,NNS
are,VBP
used,VBN
to,TO
quarterly,JJ
or,CC
semiannual,JJ
payments,NNS
on,IN
their,PRP$
investments,NNS
",",","
so,IN
the,DT
monthly,JJ
cash,NN
flow,NN
posed,VBD
administrative,JJ
problems,NNS
.,.
EOS,EOS
as,IN
a,DT
result,NN
",",","
japanese,JJ
investors,NNS
steered,VBD
clear,RB
of,IN
the,DT
mortgage,NN
securities,NNS
.,.
EOS,EOS
but,CC
they,PRP
did,VBD
n't,RB
lose,VB
touch,NN
with,IN
the,DT
u.s.,NNP
issuers,NNS
.,.
EOS,EOS
since,IN
1985,CD
",",","
japanese,JJ
investors,NNS
have,VBP
bought,VBN
nearly,RB
80,CD
%,NN
of,IN
$,$
10,CD
billion,CD
in,IN
fannie,NNP
mae,NNP
corporate,JJ
debt,NN
issued,VBN
to,TO
foreigners,NNS
",",","
money,NN
that,IN
fannie,NNP
mae,NNP
uses,VBZ
to,TO
buy,VB
mortgages,NNS
from,IN
u.s.,NNP
banks,NNS
.,.
EOS,EOS
and,CC
japanese,JJ
investors,NNS
took,VBD
up,RB
nearly,RB
all,DT
of,IN
two,CD
$,$
200,CD
million,CD
real,JJ
estate,NNP
mortgage,NNP
investment,NNP
conduits,NNS
",",","
a,DT
kind,NN
of,IN
collateralized,JJ
mortgage,NN
obligation,NN
",",","
that,WDT
were,VBD
offered,VBN
to,TO
foreigners,NNS
this,DT
year,NN
.,.
EOS,EOS
in,IN
addition,NN
",",","
further,JJ
packaging,NN
of,IN
mortgage-backed,JJ
securities,NNS
",",","
such,JJ
as,IN
blackstone,VBP
's,POS
fund,NN
",",","
have,VB
reduced,VBN
the,DT
effects,NNS
of,IN
prepayment,NN
risk,NN
and,CC
automatically,RB
reinvest,VB
monthly,JJ
payments,NNS
so,IN
institutions,NNS
do,VBP
n't,RB
have,VB
to,TO
.,.
EOS,EOS
freddie,NNP
mac,NNP
for,IN
years,NNS
has,VBZ
offered,VBN
a,DT
so-called,JJ
participation,NN
certificate,NN
that,WDT
guarantees,VBZ
it,PRP
wo,MD
n't,RB
be,VB
prepaid,VBN
for,IN
a,DT
set,NN
number,NN
of,IN
years,NNS
and,CC
offers,VBZ
semiannual,JJ
payments,NNS
.,.
EOS,EOS
martin,NNP
marietta,NNP
corp.,NNP
said,VBD
it,PRP
won,VBD
a,DT
$,$
38.2,CD
million,CD
contract,NN
from,IN
the,DT
u.s.,NNP
postal,NNP
service,NNP
to,TO
manufacture,VB
and,CC
install,VB
automated,JJ
mail-sorting,VBG
machines,NNS
.,.
EOS,EOS
under,IN
terms,NNS
of,IN
the,DT
three-year,JJ
contract,NN
",",","
martin,NNP
marietta,NNP
said,VBD
it,PRP
will,MD
make,VB
and,CC
install,VB
267,CD
of,IN
the,DT
new,JJ
machines,NNS
at,IN
156,CD
postal,JJ
offices,NNS
.,.
EOS,EOS
the,DT
new,JJ
machines,NNS
are,VBP
capable,JJ
of,IN
sorting,VBG
by,IN
zip,NN
code,NN
up,IN
to,TO
"10,000",CD
large,JJ
flat,JJ
mail,NN
pieces,NNS
",",","
including,VBG
magazines,NNS
and,CC
parcels,NNS
",",","
an,DT
hour,NN
.,.
EOS,EOS
hardly,RB
a,DT
day,NN
passes,VBZ
without,IN
news,NN
photos,NNS
of,IN
the,DT
police,NN
dragging,VBG
limp,JJ
protesters,NNS
from,IN
some,DT
building,NN
or,CC
thoroughfare,NN
in,IN
one,CD
of,IN
our,PRP$
cities,NNS
.,.
EOS,EOS
of,IN
recent,JJ
note,NN
are,VBP
the,DT
activities,NNS
of,IN
the,DT
pro-,JJ
and,CC
anti-abortionists,NNS
",",","
anti-nuclear,JJ
activists,NNS
",",","
animal,NN
rights,NNS
protesters,NNS
",",","
college,NN
students,NNS
concerned,JJ
about,IN
racism,NN
",",","
anti-apartheid,JJ
groups,NNS
",",","
various,JJ
self-styled,JJ
``,``
environmentalists,NNS
'',''
and,CC
those,DT
dissatisfied,JJ
with,IN
the,DT
pace,NN
of,IN
the,DT
war,NN
against,IN
aids,NNP
.,.
EOS,EOS
maybe,RB
he,PRP
did,VBD
n't,RB
start,VB
it,PRP
",",","
but,CC
mohandas,NNP
gandhi,NNP
certainly,RB
provided,VBD
a,DT
recognizable,JJ
beginning,NN
to,TO
non-violent,JJ
civil,JJ
disobedience,NN
as,IN
we,PRP
know,VBP
it,PRP
today,NN
.,.
EOS,EOS
the,DT
mahatma,NNP
",",","
or,CC
``,``
great,RB
souled,JJ
one,NN
",",","
'',''
instigated,VBD
several,JJ
campaigns,NNS
of,IN
passive,JJ
resistance,NN
against,IN
the,DT
british,JJ
government,NN
in,IN
india,NNP
.,.
EOS,EOS
unfortunately,RB
",",","
according,VBG
to,TO
webster,NNP
's,POS
biographical,NNP
dictionary,NNP
",",","
``,``
his,PRP$
policies,NNS
went,VBD
beyond,IN
his,PRP$
control,NN
and,CC
resulted,VBD
...,:
in,IN
riots,NNS
and,CC
disturbances,NNS
'',''
and,CC
later,RBR
a,DT
renewed,VBN
campaign,NN
of,IN
civil,JJ
disobedience,NN
``,``
resulted,VBD
in,IN
rioting,NN
and,CC
a,DT
second,JJ
imprisonment,NN
.,.
EOS,EOS
'',''
i,PRP
am,VBP
not,RB
a,DT
proponent,NN
of,IN
everything,NN
gandhi,NNP
did,VBD
",",","
but,CC
some,DT
of,IN
his,PRP$
law,NN
breaking,NN
was,VBD
justified,JJ
because,IN
india,NNP
was,VBD
then,RB
under,IN
occupation,NN
by,IN
a,DT
foreign,JJ
power,NN
",",","
and,CC
indians,NNPS
were,VBD
not,RB
able,JJ
to,TO
participate,VB
fully,RB
in,IN
decisions,NNS
that,WDT
vitally,RB
affected,VBD
them,PRP
.,.
EOS,EOS
it,PRP
is,VBZ
difficult,JJ
",",","
however,RB
",",","
to,TO
justify,VB
civil,JJ
disobedience,NN
",",","
non-violent,JJ
or,CC
not,RB
",",","
where,WRB
citizens,NNS
have,VBP
full,JJ
recourse,NN
to,TO
the,DT
ballot,NN
box,NN
to,TO
effect,NN
change,NN
.,.
EOS,EOS
where,WRB
truly,RB
representative,JJ
governments,NNS
are,VBP
safeguarded,VBN
by,IN
constitutional,JJ
protections,NNS
of,IN
human,JJ
rights,NNS
and,CC
an,DT
independent,JJ
judiciary,NN
to,TO
construe,VB
those,DT
rights,NNS
",",","
there,EX
is,VBZ
no,DT
excuse,NN
for,IN
breaking,VBG
the,DT
law,NN
because,IN
some,DT
individual,NN
or,CC
group,NN
disagrees,VBZ
with,IN
it,PRP
.,.
EOS,EOS
there,EX
may,MD
be,VB
a,DT
few,JJ
cases,NNS
where,WRB
the,DT
law,NN
breaking,NN
is,VBZ
well,RB
pinpointed,JJ
and,CC
so,RB
completely,RB
non-invasive,JJ
of,IN
the,DT
rights,NNS
of,IN
others,NNS
that,IN
it,PRP
is,VBZ
difficult,JJ
to,TO
criticize,VB
it,PRP
.,.
EOS,EOS
the,DT
case,NN
of,IN
rosa,NNP
parks,NNP
",",","
the,DT
black,JJ
woman,NN
who,WP
refused,VBD
to,TO
sit,VB
at,IN
the,DT
back,NN
of,IN
the,DT
bus,NN
",",","
comes,VBZ
to,TO
mind,VB
as,IN
an,DT
illustration,NN
.,.
EOS,EOS
but,CC
most,JJS
cases,NNS
of,IN
non-violent,JJ
civil,JJ
disobedience,NN
are,VBP
not,RB
nearly,RB
so,RB
benign,JJ
.,.
EOS,EOS
the,DT
public,NN
has,VBZ
a,DT
tendency,NN
to,TO
equate,VB
lawful,JJ
demonstrations,NNS
with,IN
non-violent,JJ
civil,JJ
disobedience,NN
.,.
EOS,EOS
it,PRP
is,VBZ
true,JJ
that,IN
both,DT
are,VBP
non-violent,JJ
",",","
but,CC
there,EX
is,VBZ
a,DT
fundamental,JJ
difference,NN
between,IN
them,PRP
.,.
EOS,EOS
lawful,JJ
demonstrations,NNS
",",","
such,JJ
as,IN
peaceful,JJ
picketing,NN
and,CC
other,JJ
assemblages,NNS
that,WDT
do,VBP
not,RB
disturb,VB
the,DT
peace,NN
or,CC
cause,VB
a,DT
public,JJ
nuisance,NN
or,CC
interfere,VB
with,IN
the,DT
rights,NNS
of,IN
others,NNS
",",","
are,VBP
rights,NNS
guaranteed,VBN
by,IN
any,DT
truly,RB
free,JJ
system,NN
of,IN
government,NN
.,.
EOS,EOS
civil,JJ
disobedience,NN
",",","
violent,JJ
or,CC
non-violent,JJ
",",","
is,VBZ
intentional,JJ
law,NN
breaking,NN
.,.
EOS,EOS
the,DT
subject,NN
of,IN
this,DT
discussion,NN
is,VBZ
non-violent,JJ
civil,JJ
disobedience,NN
;,:
but,CC
",",","
before,IN
we,PRP
get,VBP
on,RB
with,IN
that,DT
",",","
let,VB
me,PRP
make,VB
just,RB
a,DT
few,JJ
tangential,JJ
remarks,NNS
about,IN
lawful,JJ
demonstrations,NNS
.,.
EOS,EOS
they,PRP
are,VBP
useful,JJ
to,TO
call,VB
public,JJ
attention,NN
to,TO
grievances,NNS
",",","
but,CC
they,PRP
have,VBP
little,JJ
value,NN
in,IN
educating,VBG
anyone,NN
about,IN
the,DT
issues,NNS
in,IN
dispute,NN
.,.
EOS,EOS
the,DT
delight,NN
of,IN
television,NN
in,IN
dramatic,JJ
confrontation,NN
encourages,VBZ
overuse,NN
of,IN
slogans,NNS
chanted,VBN
through,IN
bullhorns,NNS
",",","
militant,JJ
gestures,NNS
",",","
accusatory,JJ
signs,NNS
and,CC
other,JJ
emotionally,RB
inspired,JJ
tactics,NNS
.,.
EOS,EOS
civilized,JJ
discourse,NN
and,CC
an,DT
environment,NN
where,WRB
compromise,NN
can,MD
begin,VB
are,VBP
lost,VBN
in,IN
a,DT
hostile,JJ
posture,NN
abetted,VBN
by,IN
superficial,JJ
media,NNS
interviews,NNS
.,.
EOS,EOS
at,IN
best,JJS
",",","
demonstrations,NNS
are,VBP
overused,JJ
and,CC
boringly,RB
uninformative,JJ
;,:
at,IN
worst,JJS
",",","
they,PRP
can,MD
become,VB
the,DT
stimuli,NNS
that,WDT
lead,VBP
to,TO
law,NN
breaking,NN
.,.
EOS,EOS
demonstrations,NNS
are,VBP
particularly,RB
apt,JJ
to,TO
degenerate,VB
into,IN
criminal,JJ
conduct,NN
when,WRB
they,PRP
leave,VBP
the,DT
site,NN
of,IN
the,DT
grievance,NN
and,CC
become,VBP
mobile,JJ
.,.
EOS,EOS
petty,JJ
criminals,NNS
and,CC
street,NN
people,NNS
looking,VBG
for,IN
excitement,NN
attach,VBP
themselves,PRP
like,IN
remora,NNS
to,TO
the,DT
fringes,NNS
of,IN
the,DT
crowd,NN
and,CC
use,VBP
the,DT
protest,NN
as,IN
an,DT
excuse,NN
for,IN
rock,NN
throwing,NN
",",","
auto,NN
trashing,NN
",",","
arson,NN
",",","
window,NN
breaking,NN
",",","
looting,NN
",",","
pocket,NN
picking,NN
and,CC
general,JJ
hooliganism,NN
.,.
EOS,EOS
soon,RB
the,DT
whole,JJ
purpose,NN
of,IN
the,DT
demonstration,NN
is,VBZ
lost,VBN
in,IN
mob,NN
mania,NN
.,.
EOS,EOS
there,EX
are,VBP
better,JJR
ways,NNS
to,TO
promote,VB
a,DT
cause,NN
.,.
EOS,EOS
where,WRB
non-violent,JJ
civil,JJ
disobedience,NN
is,VBZ
the,DT
centerpiece,NN
",",","
rather,RB
than,IN
a,DT
lawful,JJ
demonstration,NN
that,WDT
may,MD
only,RB
attract,VB
crime,NN
",",","
it,PRP
is,VBZ
difficult,JJ
to,TO
justify,VB
.,.
EOS,EOS
some,DT
find,VBP
no,DT
harm,NN
in,IN
the,DT
misdemeanors,NNS
of,IN
trespass,NN
",",","
minor,JJ
property,NN
destruction,NN
",",","
blocking,VBG
traffic,NN
and,CC
the,DT
like,JJ
.,.
EOS,EOS
they,PRP
say,VBP
these,DT
are,VBP
small,JJ
prices,NNS
to,TO
pay,VB
for,IN
galvanizing,VBG
action,NN
for,IN
the,DT
all-important,JJ
cause,NN
.,.
EOS,EOS
the,DT
crimes,NNS
may,MD
appear,VB
small,JJ
",",","
but,CC
the,DT
prices,NNS
can,MD
be,VB
huge,JJ
.,.
EOS,EOS
here,RB
are,VBP
two,CD
cases,NNS
to,TO
illustrate,VB
.,.
EOS,EOS
assume,VB
a,DT
neighborhood,NN
demonstration,NN
to,TO
protest,VB
speeding,NN
on,IN
a,DT
certain,JJ
road,NN
or,CC
a,DT
careless,JJ
accident,NN
involving,VBG
a,DT
police,NN
car,NN
.,.
EOS,EOS
the,DT
protesters,NNS
lie,VBP
down,RB
in,IN
the,DT
street,NN
",",","
blocking,VBG
traffic,NN
",",","
and,CC
will,MD
not,RB
move,VB
until,IN
the,DT
authorities,NNS
carry,VBP
them,PRP
away,RB
.,.
EOS,EOS
assume,VB
that,IN
someone,NN
caught,VBD
in,IN
the,DT
jam,NN
has,VBZ
a,DT
heart,NN
attack,NN
.,.
EOS,EOS
there,EX
is,VBZ
no,DT
way,NN
to,TO
get,VB
an,DT
ambulance,NN
in,IN
quickly,RB
to,TO
move,VB
him,PRP
to,TO
a,DT
hospital,NN
.,.
EOS,EOS
he,PRP
dies,VBZ
.,.
EOS,EOS
the,DT
demonstration,NN
was,VBD
non-violent,JJ
and,CC
involved,VBN
only,RB
a,DT
simple,JJ
misdemeanor,NN
",",","
but,CC
its,PRP$
impact,NN
on,IN
that,DT
individual,NN
was,VBD
violent,JJ
and,CC
terminal,JJ
.,.
EOS,EOS
assume,VB
that,IN
a,DT
tv,NN
network,NN
is,VBZ
airing,VBG
a,DT
celebrity,NN
interview,NN
program,NN
with,IN
a,DT
live,JJ
audience,NN
.,.
EOS,EOS
the,DT
politician,NN
appearing,VBG
is,VBZ
highly,RB
controversial,JJ
and,CC
has,VBZ
recently,RB
generated,VBN
a,DT
good,JJ
deal,NN
of,IN
rancor,NN
amid,IN
certain,JJ
groups,NNS
.,.
EOS,EOS
in,IN
a,DT
planned,JJ
protest,NN
against,IN
his,PRP$
appearance,NN
",",","
several,JJ
members,NNS
of,IN
the,DT
studio,NN
audience,NN
chain,VBP
themselves,PRP
in,IN
front,NN
of,IN
the,DT
tv,NN
cameras,NNS
in,IN
such,JJ
a,DT
way,NN
that,IN
the,DT
program,NN
can,MD
not,RB
continue,VB
.,.
EOS,EOS
the,DT
network,NN
must,MD
refund,VB
money,NN
to,TO
the,DT
advertisers,NNS
and,CC
loses,VBZ
considerable,JJ
revenue,NN
and,CC
prestige,NN
.,.
EOS,EOS
the,DT
demonstrators,NNS
have,VBP
been,VBN
non-violent,JJ
",",","
but,CC
the,DT
result,NN
of,IN
their,PRP$
trespasses,NNS
has,VBZ
been,VBN
to,TO
seriously,RB
impair,VB
the,DT
rights,NNS
of,IN
others,NNS
unconnected,JJ
with,IN
their,PRP$
dispute,NN
.,.
EOS,EOS
it,PRP
might,MD
be,VB
alleged,VBN
that,DT
tv,NN
has,VBZ
done,VBN
more,JJR
than,IN
its,PRP$
share,NN
to,TO
popularize,VB
and,CC
promote,VB
non-violent,JJ
civil,JJ
disobedience,NN
",",","
so,RB
the,DT
second,JJ
situation,NN
hypothesized,VBN
above,RB
would,MD
be,VB
simply,RB
a,DT
case,NN
of,IN
``,``
chickens,NNS
coming,VBG
home,RB
to,TO
roost,VB
.,.
EOS,EOS
'',''
or,CC
maybe,RB
the,DT
tv,NN
network,NN
would,MD
lose,VB
nothing,NN
.,.
EOS,EOS
geraldo,NNP
or,CC
phil,NNP
would,MD
probably,RB
pull,VB
up,RP
another,DT
camera,NN
and,CC
interview,VB
the,DT
chained,JJ
protesters,NNS
.,.
EOS,EOS
let,VB
us,PRP
look,VB
for,IN
a,DT
moment,NN
at,IN
another,DT
type,NN
of,IN
non-violent,JJ
civil,JJ
disobedience,NN
that,WDT
only,RB
harms,VBZ
other,JJ
people,NNS
indirectly,RB
",",","
yet,RB
does,VBZ
irreparable,JJ
damage,NN
to,TO
the,DT
nation,NN
as,IN
a,DT
whole,NN
.,.
EOS,EOS
i,PRP
am,VBP
referring,VBG
to,TO
those,DT
young,JJ
men,NNS
who,WP
chose,VBD
to,TO
disobey,VB
their,PRP$
country,NN
's,POS
call,NN
to,TO
arms,NNS
during,IN
the,DT
vietnam,NNP
war,NN
and,CC
fled,VBD
to,TO
canada,NNP
or,CC
some,DT
other,JJ
sanctuary,NN
to,TO
avoid,VB
combat,NN
.,.
EOS,EOS
their,PRP$
cowardly,JJ
acts,NNS
of,IN
civil,JJ
disobedience,NN
",",","
which,WDT
they,PRP
tried,VBD
to,TO
hide,VB
under,IN
the,DT
cloak,NN
of,IN
outrage,NN
at,IN
a,DT
war,NN
they,PRP
characterized,VBD
as,IN
``,``
immoral,JJ
",",","
'',''
weakened,VBD
the,DT
national,JJ
fabric,NN
and,CC
threw,VBD
additional,JJ
burdens,NNS
on,IN
those,DT
who,WP
served,VBD
honorably,RB
in,IN
that,DT
conflict,NN
.,.
EOS,EOS
even,RB
more,JJR
at,IN
fault,NN
are,VBP
those,DT
leaders,NNS
in,IN
and,CC
out,IN
of,IN
government,NN
who,WP
urged,VBD
and,CC
supported,VBD
their,PRP$
defections,NNS
",",","
thereby,RB
giving,VBG
great,JJ
help,NN
and,CC
comfort,NN
to,TO
the,DT
enemy,NN
propagandists,NNS
.,.
EOS,EOS
it,PRP
is,VBZ
amazing,JJ
that,IN
the,DT
ensuing,VBG
mass,NN
executions,NNS
in,IN
vietnam,NNP
and,CC
cambodia,NNP
do,VBP
not,RB
weight,VB
more,RBR
heavily,RB
on,IN
minds,NNS
so,RB
morally,RB
fine-tuned,JJ
.,.
EOS,EOS
worse,JJR
",",","
it,PRP
remained,VBD
to,TO
a,DT
well-meaning,JJ
but,CC
naive,JJ
president,NN
of,IN
the,DT
united,NNP
states,NNPS
to,TO
administer,VB
the,DT
final,JJ
infamy,NN
upon,IN
those,DT
who,WP
fought,VBD
and,CC
died,VBD
in,IN
vietnam,NNP
.,.
EOS,EOS
under,IN
the,DT
guise,NN
of,IN
``,``
healing,VBG
the,DT
wounds,NNS
of,IN
the,DT
nation,NN
",",","
'',''
president,NNP
carter,NNP
pardoned,VBD
thousands,NNS
of,IN
draft,NN
evaders,NNS
",",","
thus,RB
giving,VBG
dignity,NN
to,TO
their,PRP$
allegations,NNS
of,IN
the,DT
war,NN
's,POS
``,``
immorality,NN
.,.
EOS,EOS
finally,RB
",",","
i,PRP
think,VBP
it,PRP
important,JJ
to,TO
point,VB
out,RP
the,DT
extraordinarily,RB
high,JJ
visibility,NN
of,IN
non-violent,JJ
civil,JJ
disobedience,NN
in,IN
these,DT
days,NNS
of,IN
intensive,JJ
media,NNS
coverage,NN
.,.
EOS,EOS
give,VB
television,NN
a,DT
chance,NN
to,TO
cover,VB
live,RB
any,DT
breaking,NN
of,IN
the,DT
law,NN
",",","
and,CC
no,DT
second,JJ
invitation,NN
will,MD
be,VB
required,VBN
.,.
EOS,EOS
this,DT
brings,VBZ
into,IN
question,NN
the,DT
motives,NNS
of,IN
those,DT
who,WP
lead,VBP
civil,JJ
disobedience,NN
demonstrations,NNS
.,.
EOS,EOS
do,VBP
they,PRP
want,VB
the,DT
spotlight,NN
for,IN
themselves,PRP
or,CC
for,IN
their,PRP$
cause,NN
?,.
here,RB
is,VBZ
a,DT
good,JJ
rule,NN
of,IN
thumb,NN
:,:
if,IN
the,DT
movement,NN
produced,VBD
the,DT
leader,NN
",",","
the,DT
chance,NN
that,IN
he,PRP
is,VBZ
sincere,JJ
is,VBZ
much,RB
greater,JJR
than,IN
if,IN
the,DT
leader,NN
produced,VBD
the,DT
movement,NN
.,.
EOS,EOS
in,IN
either,DT
case,NN
",",","
ask,VB
yourself,PRP
whether,IN
you,PRP
have,VBP
become,VBN
better,RBR
informed,JJ
on,IN
the,DT
issues,NNS
under,IN
protest,NN
by,IN
watching,VBG
the,DT
act,NN
of,IN
civil,JJ
disobedience,NN
.,.
EOS,EOS
if,IN
you,PRP
have,VBP
not,RB
",",","
it,PRP
is,VBZ
probable,JJ
that,IN
a,DT
thorough,JJ
airing,NN
of,IN
the,DT
dispute,NN
by,IN
calm,JJ
and,CC
rational,JJ
debate,NN
would,MD
have,VB
been,VBN
the,DT
better,JJR
course,NN
.,.
EOS,EOS
mr.,NNP
agnew,NNP
was,VBD
vice,NN
president,NN
of,IN
the,DT
u.s.,NNP
from,IN
1969,CD
until,IN
he,PRP
resigned,VBD
in,IN
1973,CD
.,.
EOS,EOS
northwest,NNP
airlines,NNPS
settled,VBD
the,DT
remaining,VBG
lawsuits,NNS
filed,VBN
on,IN
behalf,NN
of,IN
156,CD
people,NNS
killed,VBN
in,IN
a,DT
1987,CD
crash,NN
",",","
but,CC
claims,NNS
against,IN
the,DT
jetliner,NN
's,POS
maker,NN
are,VBP
being,VBG
pursued,VBN
",",","
a,DT
federal,JJ
judge,NN
said,VBD
.,.
EOS,EOS
northwest,NNP
",",","
a,DT
unit,NN
of,IN
nwa,NNP
inc.,NNP
",",","
and,CC
mcdonnell,NNP
douglas,NNP
corp.,NNP
",",","
which,WDT
made,VBD
the,DT
md-80,NN
aircraft,NN
",",","
also,RB
are,VBP
pursuing,VBG
counterclaims,NNS
against,IN
each,DT
other,JJ
in,IN
the,DT
crash,NN
near,IN
detroit,NNP
metropolitan,NNP
airport,NNP
.,.
EOS,EOS
terms,NNS
of,IN
the,DT
settlements,NNS
for,IN
the,DT
remaining,VBG
145,CD
lawsuits,NNS
against,IN
northwest,NNP
were,VBD
n't,RB
disclosed,VBN
.,.
EOS,EOS
a,DT
total,NN
of,IN
157,CD
lawsuits,NNS
were,VBD
filed,VBN
on,IN
behalf,NN
of,IN
crash,NN
victims,NNS
.,.
EOS,EOS
u.s.,NNP
district,NNP
judge,NNP
julian,NNP
a.,NN
cook,NNP
jr.,NNP
announced,VBD
the,DT
settlements,NNS
as,IN
the,DT
jury,NN
trial,NN
was,VBD
to,TO
begin,VB
yesterday,NN
.,.
EOS,EOS
he,PRP
reset,VB
opening,JJ
arguments,NNS
for,IN
today,NN
.,.
EOS,EOS
the,DT
jury,NN
will,MD
resolve,VB
the,DT
claims,NNS
against,IN
mcdonnell,NNP
douglas,NNP
",",","
northwest,NNP
's,POS
claim,NN
that,IN
a,DT
defect,NN
in,IN
the,DT
aircraft,NN
caused,VBD
the,DT
crash,NN
",",","
and,CC
mcdonnell,NNP
douglas,NNP
',POS
claim,NN
that,IN
the,DT
plane,NN
was,VBD
improperly,RB
flown,VBN
.,.
EOS,EOS
the,DT
national,NNP
transportation,NNP
safety,NNP
board,NNP
ruled,VBD
that,IN
pilots,NNS
failed,VBD
to,TO
set,VB
the,DT
plane,NN
's,POS
wing,NN
flaps,NNS
and,CC
slats,NNS
properly,RB
for,IN
takeoff,NN
and,CC
failed,VBD
to,TO
make,VB
mandatory,JJ
preflight,JJ
checks,NNS
that,WDT
would,MD
have,VB
detected,VBN
the,DT
error,NN
.,.
EOS,EOS
also,RB
",",","
a,DT
cockpit,NN
warning,VBG
system,NN
failed,VBD
to,TO
alert,VB
the,DT
pilots,NNS
the,DT
flaps,NNS
and,CC
slats,NNS
were,VBD
not,RB
set,VBN
for,IN
takeoff,NN
",",","
the,DT
ntsb,NNP
said,VBD
.,.
EOS,EOS
the,DT
only,JJ
passenger,NN
who,WP
survived,VBD
the,DT
crash,NN
was,VBD
cecelia,NNP
cichan,NNP
",",","
then,RB
4,CD
",",","
of,IN
tempe,NNP
",",","
ariz.,NNP
",",","
whose,WP$
parents,NNS
and,CC
brother,NN
died,VBD
in,IN
the,DT
crash,NN
.,.
EOS,EOS
she,PRP
now,RB
lives,VBZ
with,IN
relatives,NNS
in,IN
alabama,NNP
.,.
EOS,EOS
robert,NNP
q.,NNP
marston,NNP
",",","
president,NN
emeritus,NN
",",","
university,NNP
of,IN
florida,NNP
",",","
and,CC
a,DT
director,NN
of,IN
this,DT
maker,NN
of,IN
medical,JJ
devices,NNS
",",","
was,VBD
named,VBN
chairman,NN
.,.
EOS,EOS
dr.,NNP
marston,NNP
",",","
66,CD
years,NNS
old,JJ
",",","
succeeds,VBZ
alexander,NNP
t.,NNP
daignault,NNP
",",","
72,CD
",",","
who,WP
did,VBD
n't,RB
stand,VB
for,IN
re-election,NN
due,JJ
to,TO
mandatory,JJ
board,NN
retirement,NN
policy,NN
.,.
EOS,EOS
first,NNP
american,NNP
financial,NNP
corp.,NNP
declared,VBD
a,DT
special,JJ
dividend,NN
of,IN
one,CD
share,NN
of,IN
class,NN
b,NNP
common,JJ
stock,NN
for,IN
each,DT
share,NN
of,IN
class,NN
a,NNP
common,JJ
stock,NN
",",","
payable,JJ
to,TO
holders,NNS
of,IN
record,NN
on,IN
nov.,NNP
10,CD
if,IN
the,DT
securities,NNPS
and,CC
exchange,NNP
commission,NNP
approves,VBZ
this,DT
as,IN
the,DT
effective,JJ
date,NN
of,IN
the,DT
registration,NN
statement,NN
.,.
EOS,EOS
shareholders,NNS
of,IN
the,DT
santa,NNP
ana,NNP
",",","
calif.,NNP
",",","
title-insurance,JJ
company,NN
approved,VBD
the,DT
creation,NN
of,IN
this,DT
second,JJ
class,NN
of,IN
stock,NN
",",","
which,WDT
will,MD
be,VB
traded,VBN
on,IN
the,DT
national,JJ
over-the-counter,JJ
market,NN
and,CC
which,WDT
the,DT
company,NN
said,VBD
would,MD
be,VB
used,VBN
for,IN
acquisitions,NNS
and,CC
other,JJ
general,JJ
corporate,JJ
purposes,NNS
.,.
EOS,EOS
a,DT
bitter,JJ
conflict,NN
with,IN
global,JJ
implications,NNS
has,VBZ
erupted,VBN
between,IN
nomura,NNP
securities,NNPS
co.,NNP
and,CC
industrial,NNP
bank,NNP
of,IN
japan,NNP
",",","
two,CD
of,IN
the,DT
world,NN
's,VBZ
most,RBS
powerful,JJ
financial,JJ
companies,NNS
.,.
EOS,EOS
the,DT
clash,NN
is,VBZ
a,DT
sign,NN
of,IN
a,DT
new,JJ
toughness,NN
and,CC
divisiveness,NN
in,IN
japan,NNP
's,POS
once-cozy,JJ
financial,JJ
circles,NNS
.,.
EOS,EOS
not,RB
only,RB
are,VBP
japan,NNP
's,POS
financial,JJ
institutions,NNS
putting,VBG
their,PRP$
enormous,JJ
clout,NN
to,TO
work,VB
;,:
increasingly,RB
they,PRP
're,VBP
squaring,VBG
off,RB
against,IN
one,CD
another,DT
in,IN
unprecedented,JJ
public,JJ
fashion,NN
.,.
EOS,EOS
already,RB
",",","
the,DT
consequences,NNS
are,VBP
being,VBG
felt,VBN
by,IN
other,JJ
players,NNS
in,IN
the,DT
financial,JJ
markets,NNS
--,:
even,JJ
governments,NNS
.,.
EOS,EOS
what,WP
triggered,VBD
the,DT
latest,JJS
clash,NN
was,VBD
a,DT
skirmish,NN
over,IN
the,DT
timing,NN
of,IN
a,DT
new,NNP
zealand,NNP
government,NN
bond,NN
issue,NN
.,.
EOS,EOS
nomura,NNP
was,VBD
attempting,VBG
to,TO
organize,VB
the,DT
50,CD
billion-yen,JJ
(,(
$,$
352,CD
million,CD
),)
borrowing,NN
in,IN
japan,NNP
at,IN
a,DT
time,NN
when,WRB
many,JJ
japanese,JJ
banks,NNS
",",","
led,VBN
by,IN
industrial,NNP
bank,NNP
of,IN
japan,NNP
",",","
were,VBD
pressuring,VBG
the,DT
wellington,NNP
government,NN
to,TO
help,VB
them,PRP
recover,VB
loans,NNS
made,VBN
to,TO
a,DT
defunct,JJ
investment,NN
bank,NN
that,WDT
had,VBD
been,VBN
owned,VBN
by,IN
new,NNP
zealand,NNP
's,POS
civil-service,JJ
pension,NN
fund,NN
.,.
EOS,EOS
unwilling,JJ
to,TO
put,VB
up,RP
new,JJ
money,NN
for,IN
new,NNP
zealand,NNP
until,IN
those,DT
debts,NNS
are,VBP
repaid,VBN
",",","
most,JJS
banks,NNS
refused,VBD
even,RB
to,TO
play,VB
administrative,JJ
roles,NNS
in,IN
the,DT
new,JJ
financing,NN
",",","
forcing,VBG
an,DT
embarrassed,JJ
nomura,NNP
to,TO
postpone,VB
it,PRP
this,DT
week,NN
.,.
EOS,EOS
the,DT
dispute,NN
shows,VBZ
clearly,RB
the,DT
global,JJ
power,NN
of,IN
japan,NNP
's,POS
financial,JJ
titans,NNS
.,.
EOS,EOS
aside,RB
from,IN
nomura,NNP
's,POS
injured,JJ
pride,NN
",",","
the,DT
biggest,JJS
victim,NN
so,RB
far,RB
has,VBZ
been,VBN
the,DT
new,NNP
zealand,NNP
government,NN
.,.
EOS,EOS
barred,VBN
by,IN
its,PRP$
budget,NN
law,NN
from,IN
making,VBG
any,DT
new,JJ
domestic,JJ
bond,NN
issues,NNS
",",","
wellington,NNP
's,POS
debt,NNP
management,NNP
office,NNP
had,VBD
been,VBN
casting,VBG
abroad,RB
to,TO
raise,VB
the,DT
3,CD
billion,CD
new,NNP
zealand,NNP
dollars,NNS
(,(
us$,$
1.76,CD
billion,CD
),)
to,TO
nz$,$
4,CD
billion,CD
it,PRP
needs,VBZ
to,TO
come,VB
up,RB
with,IN
by,IN
the,DT
end,NN
of,IN
its,PRP$
fiscal,JJ
year,NN
next,IN
june,NNP
30,CD
.,.
EOS,EOS
with,IN
japan,NNP
's,POS
cash-flush,JJ
banks,NNS
aligned,VBN
against,IN
it,PRP
",",","
though,RB
",",","
raising,VBG
money,NN
may,MD
be,VB
difficult,JJ
.,.
EOS,EOS
not,RB
only,RB
can,MD
they,PRP
block,VB
wellington,NNP
from,IN
raising,VBG
money,NN
in,IN
japan,NNP
",",","
bankers,NNS
here,RB
say,VBP
",",","
but,CC
as,IN
the,DT
largest,JJS
underwriters,NNS
in,IN
the,DT
eurobond,NN
market,NN
",",","
they,PRP
might,MD
be,VB
able,JJ
to,TO
scuttle,VB
borrowings,NNS
there,RB
",",","
too,RB
.,.
EOS,EOS
new,NNP
zealand,NNP
's,POS
finance,NN
minister,NN
",",","
david,NNP
caygill,NNP
",",","
lashed,VBD
out,RB
at,IN
such,JJ
suggestions,NNS
.,.
EOS,EOS
he,PRP
told,VBD
reporters,NNS
in,IN
wellington,NNP
tuesday,NNP
that,IN
the,DT
government,NN
had,VBD
n't,RB
guaranteed,VBN
the,DT
loans,NNS
to,TO
dfc,NNP
new,NNP
zealand,NNP
ltd.,NNP
",",","
an,DT
investment,NN
bank,NN
80%-owned,JJ
by,IN
the,DT
national,NNP
provident,NNP
fund,NNP
",",","
and,CC
would,MD
n't,RB
bail,VB
it,PRP
out,RP
.,.
EOS,EOS
``,``
it,PRP
may,MD
very,RB
well,RB
be,VB
what,WP
the,DT
japanese,JJ
banks,NNS
want,VBP
",",","
'',''
he,PRP
told,VBD
radio,NNP
new,NNP
zealand,NNP
.,.
EOS,EOS
``,``
i,PRP
think,VBP
it,PRP
would,MD
be,VB
irresponsible,JJ
and,CC
i,PRP
am,VBP
not,RB
about,IN
to,TO
be,VB
blackmailed,VBN
by,IN
japanese,JJ
banks,NNS
or,CC
any,DT
other,JJ
international,JJ
interests,NNS
.,.
EOS,EOS
no,DT
less,RBR
significant,JJ
than,IN
the,DT
japanese,JJ
banks,NNS
',POS
attempt,NN
to,TO
cut,VB
off,RP
funds,NNS
to,TO
pressure,VB
a,DT
foreign,JJ
government,NN
are,VBP
the,DT
implications,NNS
of,IN
a,DT
confrontation,NN
between,IN
japan,NNP
securities,NNS
and,CC
banking,VBG
industries,NNS
.,.
EOS,EOS
anxiety,NN
is,VBZ
rising,VBG
over,IN
recent,JJ
government,NN
proposals,NNS
to,TO
eventually,RB
lower,VB
the,DT
strict,JJ
barriers,NNS
that,WDT
now,RB
separate,VBP
--,:
and,CC
protect,VBP
--,:
the,DT
two,CD
industries,NNS
from,IN
each,DT
other,JJ
.,.
EOS,EOS
both,DT
sides,NNS
are,VBP
jealously,RB
guarding,VBG
their,PRP$
turf,NN
",",","
and,CC
relations,NNS
have,VBP
been,VBN
at,IN
a,DT
flashpoint,NN
for,IN
months,NNS
.,.
EOS,EOS
the,DT
banks,NNS
badly,RB
want,VBP
to,TO
break,VB
into,IN
all,DT
aspects,NNS
of,IN
the,DT
securities,NNS
business,NN
.,.
EOS,EOS
meanwhile,RB
",",","
the,DT
securities,NNS
companies,NNS
--,:
most,JJS
of,IN
them,PRP
smaller,JJR
than,IN
the,DT
banks,NNS
--,:
are,VBP
seeking,VBG
access,NN
only,RB
to,TO
limited,JJ
kinds,NNS
of,IN
banking,NN
that,WDT
would,MD
n't,RB
open,VB
them,PRP
to,TO
the,DT
full,JJ
brunt,NN
of,IN
competition,NN
from,IN
the,DT
banks,NNS
.,.
EOS,EOS
nomura,NNP
",",","
the,DT
world,NN
's,POS
biggest,JJS
securities,NNS
company,NN
largely,RB
by,IN
virtue,NN
of,IN
its,PRP$
protected,JJ
home,NN
field,NN
",",","
and,CC
industrial,NNP
bank,NNP
of,IN
japan,NNP
",",","
japan,NNP
's,POS
most,RBS
innovative,JJ
and,CC
aggressive,JJ
bank,NN
in,IN
capital,NN
markets,NNS
abroad,RB
",",","
captain,VBP
the,DT
opposing,VBG
sides,NNS
.,.
EOS,EOS
and,CC
their,PRP$
suspicions,NNS
of,IN
each,DT
other,JJ
run,VBP
deep,RB
.,.
EOS,EOS
in,IN
the,DT
past,JJ
year,NN
",",","
both,DT
have,VBP
tried,VBN
to,TO
stretch,VB
the,DT
limits,NNS
of,IN
their,PRP$
businesses,NNS
.,.
EOS,EOS
nomura,NNP
started,VBD
a,DT
credit-card,NN
venture,NN
with,IN
american,NNP
express,NNP
co.,NNP
that,WDT
allowed,VBD
cardholders,NNS
to,TO
use,VB
their,PRP$
nomura,NNP
securities,NNS
accounts,NNS
like,IN
a,DT
bank,NN
account,NN
",",","
attracting,VBG
the,DT
wrath,NN
of,IN
banks,NNS
.,.
EOS,EOS
and,CC
industrial,NNP
bank,NNP
of,IN
japan,NNP
started,VBD
up,RP
a,DT
london,NNP
securities,NNS
subsidiary,NN
that,WDT
sells,VBZ
japanese,JJ
stocks,NNS
to,TO
non-japanese,JJ
institutions,NNS
overseas,RB
",",","
a,DT
move,NN
that,WDT
stirred,VBD
the,DT
anger,NN
of,IN
the,DT
stock,NN
brokerage,NN
firms,NNS
.,.
EOS,EOS
the,DT
new,NNP
zealand,NNP
bond,NN
issue,NN
simply,RB
has,VBZ
brought,VBN
the,DT
two,CD
institutions,NNS
face-to-face,RB
.,.
EOS,EOS
the,DT
nation,NN
's,POS
largest,JJS
pension,NN
fund,NN
",",","
which,WDT
oversees,VBZ
$,$
80,CD
billion,CD
for,IN
college,NN
employees,NNS
",",","
plans,VBZ
to,TO
offer,VB
two,CD
new,JJ
investment,NN
options,NNS
to,TO
its,PRP$
1.2,CD
million,CD
participants,NNS
.,.
EOS,EOS
the,DT
teachers,NNPS
insurance,NNP
and,CC
annuity,NNP
association-college,NNP
retirement,NNP
equities,NNPS
fund,NNP
said,VBD
it,PRP
will,MD
introduce,VB
a,DT
stock,NN
and,CC
bond,NN
fund,NN
that,WDT
will,MD
invest,VB
in,IN
``,``
socially,RB
responsible,JJ
'',''
companies,NNS
",",","
and,CC
a,DT
bond,NN
fund,NN
.,.
EOS,EOS
both,DT
funds,NNS
are,VBP
expected,VBN
to,TO
begin,VB
operation,NN
around,IN
march,NNP
1,CD
",",","
subject,JJ
to,TO
securities,NNPS
and,CC
exchange,NNP
commission,NNP
approval,NN
.,.
EOS,EOS
for,IN
its,PRP$
employees,NNS
to,TO
sign,VB
up,RB
for,IN
the,DT
options,NNS
",",","
a,DT
college,NN
also,RB
must,MD
approve,VB
the,DT
plan,NN
.,.
EOS,EOS
some,DT
"4,300",CD
institutions,NNS
are,VBP
part,NN
of,IN
the,DT
pension,NN
fund,NN
.,.
EOS,EOS
the,DT
new,JJ
options,NNS
carry,VBP
out,RP
part,NN
of,IN
an,DT
agreement,NN
that,IN
the,DT
pension,NN
fund,NN
",",","
under,IN
pressure,NN
to,TO
relax,VB
its,PRP$
strict,JJ
participation,NN
rules,NNS
and,CC
to,TO
provide,VB
more,JJR
investment,NN
options,NNS
",",","
reached,VBN
with,IN
the,DT
sec,NNP
in,IN
december,NNP
.,.
EOS,EOS
the,DT
new,JJ
``,``
social,JJ
choice,NN
'',''
fund,NN
will,MD
shun,VB
securities,NNS
of,IN
companies,NNS
linked,VBN
to,TO
south,NNP
africa,NNP
",",","
nuclear,JJ
power,NN
and,CC
in,IN
some,DT
cases,NNS
",",","
northern,NNP
ireland,NNP
.,.
EOS,EOS
also,RB
excluded,VBN
will,MD
be,VB
investments,NNS
in,IN
companies,NNS
with,IN
``,``
significant,JJ
'',''
business,NN
stemming,VBG
from,IN
weapons,NNS
manufacture,NN
",",","
alcoholic,JJ
beverages,NNS
or,CC
tobacco,NN
.,.
EOS,EOS
sixty,CD
percent,NN
of,IN
the,DT
fund,NN
will,MD
be,VB
invested,VBN
in,IN
stocks,NNS
",",","
with,IN
the,DT
rest,NN
going,VBG
into,IN
bonds,NNS
or,CC
short-term,JJ
investments,NNS
.,.
EOS,EOS
the,DT
bond,NN
fund,NN
will,MD
invest,VB
in,IN
high-grade,JJ
or,CC
medium-grade,JJ
bonds,NNS
",",","
mortgages,NNS
or,CC
asset-backed,JJ
securities,NNS
",",","
including,VBG
as,JJ
much,RB
as,IN
15,CD
%,NN
in,IN
foreign,JJ
securities,NNS
.,.
EOS,EOS
the,DT
fund,NN
also,RB
might,MD
buy,VB
and,CC
sell,VB
futures,NNS
and,CC
options,NNS
contracts,NNS
",",","
subject,JJ
to,TO
approval,NN
by,IN
the,DT
new,NNP
york,NNP
state,NNP
insurance,NNP
department,NNP
.,.
EOS,EOS
under,IN
two,CD
new,JJ
features,NNS
",",","
participants,NNS
will,MD
be,VB
able,JJ
to,TO
transfer,VB
money,NN
from,IN
the,DT
new,JJ
funds,NNS
to,TO
other,JJ
investment,NN
funds,NNS
or,CC
",",","
if,IN
their,PRP$
jobs,NNS
are,VBP
terminated,VBN
",",","
receive,VB
cash,NN
from,IN
the,DT
funds,NNS
.,.
EOS,EOS
the,DT
investment,NN
choices,NNS
offered,VBN
by,IN
the,DT
pension,NN
fund,NN
currently,RB
are,VBP
limited,VBN
to,TO
a,DT
stock,NN
fund,NN
",",","
an,DT
annuity,NN
and,CC
a,DT
money-market,NN
fund,NN
.,.
EOS,EOS
a,DT
seat,NN
on,IN
the,DT
chicago,NNP
mercantile,NNP
exchange,NNP
was,VBD
sold,VBN
for,IN
$,$
"410,000",CD
",",","
down,RB
$,$
"6,000",CD
from,IN
the,DT
previous,JJ
sale,NN
oct,NNP
.,.
EOS,EOS
seats,NNS
currently,RB
are,VBP
quoted,VBN
at,IN
$,$
"400,000",CD
bid,NN
",",","
$,$
"425,000",CD
asked,VBN
.,.
EOS,EOS
the,DT
record,NN
price,NN
for,IN
a,DT
full,JJ
membership,NN
on,IN
the,DT
exchange,NN
is,VBZ
$,$
"550,000",CD
",",","
set,VBN
march,NNP
9,CD
.,.
EOS,EOS
bell,NNP
industries,NNP
inc.,NNP
increased,VBD
its,PRP$
quarterly,NN
to,TO
10,CD
cents,NNS
from,IN
seven,CD
cents,NNS
a,DT
share,NN
.,.
EOS,EOS
the,DT
new,JJ
rate,NN
will,MD
be,VB
payable,JJ
feb.,NNP
15,CD
.,.
EOS,EOS
a,DT
record,NN
date,NN
has,VBZ
n't,RB
been,VBN
set,VBN
.,.
EOS,EOS
bell,NNP
",",","
based,VBN
in,IN
los,NNP
angeles,NNP
",",","
makes,VBZ
and,CC
distributes,VBZ
electronic,JJ
",",","
computer,NN
and,CC
building,NN
products,NNS
.,.
EOS,EOS
moody,NNP
's,POS
investors,NNPS
service,NNP
inc.,NNP
said,VBD
it,PRP
lowered,VBD
the,DT
ratings,NNS
on,IN
about,IN
$,$
3.2,CD
billion,CD
of,IN
houston,NNP
lighting,NNP
&,CC
power,NNP
co.,NNP
's,POS
securities,NNS
because,IN
of,IN
the,DT
company,NN
's,POS
low,JJ
levels,NNS
of,IN
interest,NN
coverage,NN
and,CC
internal,JJ
cash,NN
generation,NN
.,.
EOS,EOS
houston,NNP
lighting,NNP
is,VBZ
a,DT
unit,NN
of,IN
houston,NNP
industries,NNPS
inc.,NNP
",",","
a,DT
utility,NN
holding,VBG
company,NN
in,IN
houston,NNP
.,.
EOS,EOS
downgraded,VBN
by,IN
moody,NNP
's,POS
were,VBD
houston,NNP
lighting,NNP
's,POS
first-mortgage,JJ
bonds,NNS
and,CC
secured,JJ
pollution-control,JJ
bonds,NNS
to,TO
single-a-3,JJ
from,IN
single-a-2,JJ
;,:
unsecured,JJ
pollution-control,NN
bonds,NNS
to,TO
baa-1,JJ
from,IN
single-a-3,JJ
;,:
preferred,JJ
stock,NN
to,TO
single-a-3,JJ
from,IN
single-a-2,JJ
;,:
a,DT
shelf,NN
registration,NN
for,IN
preferred,JJ
stock,NN
to,TO
a,DT
preliminary,JJ
rating,NN
of,IN
single-a-3,JJ
from,IN
a,DT
preliminary,JJ
rating,NN
of,IN
single-a-2,JJ
;,:
two,CD
shelf,NN
registrations,NNS
for,IN
collateralized,JJ
debt,NN
securities,NNS
to,TO
a,DT
preliminary,JJ
rating,NN
of,IN
single-a-3,JJ
from,IN
a,DT
preliminary,JJ
rating,NN
of,IN
single-a-2,JJ
",",","
and,CC
the,DT
unit,NN
's,POS
rating,NN
for,IN
commercial,JJ
paper,NN
to,TO
prime-2,JJ
from,IN
prime-1,JJ
.,.
EOS,EOS
moody,NNP
's,POS
said,VBD
houston,NNP
lighting,NNP
's,POS
current,JJ
situation,NN
has,VBZ
some,DT
positive,JJ
aspects,NNS
",",","
including,VBG
managing,VBG
``,``
very,RB
well,RB
'',''
the,DT
construction,NN
and,CC
commercial,JJ
operation,NN
risks,NNS
of,IN
units,NNS
1,CD
and,CC
2,CD
of,IN
the,DT
south,NNP
texas,NNP
project,NNP
nuclear,JJ
power,NN
plant,NN
.,.
EOS,EOS
capital,NN
requirements,NNS
will,MD
be,VB
declining,VBG
and,CC
no,DT
new,JJ
generating,VBG
facilities,NNS
will,MD
be,VB
required,VBN
for,IN
several,JJ
years,NNS
",",","
moody,NNP
's,POS
said,VBD
.,.
EOS,EOS
congressional,JJ
democrats,NNPS
and,CC
the,DT
bush,NNP
administration,NN
agreed,VBD
on,IN
a,DT
compromise,NN
minimum-wage,NN
bill,NN
",",","
opening,VBG
the,DT
way,NN
for,IN
the,DT
first,JJ
wage-floor,JJ
boost,NN
in,IN
more,JJR
than,IN
nine,CD
years,NNS
.,.
EOS,EOS
the,DT
agreement,NN
ended,VBD
a,DT
long,JJ
impasse,NN
between,IN
the,DT
congressional,JJ
leaders,NNS
and,CC
the,DT
white,NNP
house,NNP
over,IN
the,DT
wage,NN
issue,NN
.,.
EOS,EOS
president,NNP
bush,NNP
in,IN
june,NNP
vetoed,VBD
a,DT
measure,NN
passed,VBN
by,IN
congress,NNP
and,CC
said,VBD
he,PRP
would,MD
n't,RB
accept,VB
any,DT
minimum-wage,NN
rise,NN
that,WDT
went,VBD
beyond,IN
limits,NNS
he,PRP
set,VBD
early,RB
in,IN
this,DT
year,NN
's,POS
debate,NN
on,IN
the,DT
issue,NN
.,.
EOS,EOS
the,DT
compromise,NN
was,VBD
a,DT
somewhat,RB
softened,JJ
version,NN
of,IN
what,WP
the,DT
white,NNP
house,NNP
had,VBD
said,VBN
it,PRP
would,MD
accept,VB
.,.
EOS,EOS
under,IN
the,DT
agreement,NN
with,IN
the,DT
house,NNP
and,CC
senate,NNP
leaders,NNS
",",","
the,DT
minimum,NN
wage,NN
would,MD
rise,VB
from,IN
the,DT
current,JJ
$,$
3.35,CD
an,DT
hour,NN
to,TO
$,$
4.25,CD
an,DT
hour,NN
by,IN
april,NNP
1991,CD
.,.
EOS,EOS
employers,NNS
could,MD
also,RB
pay,VB
a,DT
subminimum,JJ
``,``
training,NN
wage,NN
'',''
for,IN
90,CD
days,NNS
to,TO
new,JJ
workers,NNS
who,WP
are,VBP
up,RB
to,TO
19,CD
years,NNS
old,JJ
",",","
and,CC
then,RB
for,IN
another,DT
90,CD
days,NNS
if,IN
the,DT
company,NN
institutes,NN
a,DT
specific,JJ
training,VBG
program,NN
for,IN
the,DT
newcomers,NNS
.,.
EOS,EOS
white,NNP
house,NNP
officials,NNS
were,VBD
delighted,JJ
that,IN
the,DT
compromise,NN
includes,VBZ
the,DT
concept,NN
of,IN
a,DT
training,NN
wage,NN
",",","
which,WDT
mr.,NNP
bush,NNP
has,VBZ
fought,VBN
for,IN
throughout,IN
the,DT
year,NN
.,.
EOS,EOS
``,``
for,IN
the,DT
first,JJ
time,NN
in,IN
history,NN
",",","
we,PRP
have,VBP
a,DT
training,NN
wage,NN
that,WDT
will,MD
be,VB
part,NN
'',''
of,IN
the,DT
nation,NN
's,POS
labor,NN
laws,NNS
",",","
said,VBD
roger,NNP
porter,NNP
",",","
assistant,NN
to,TO
the,DT
president,NN
for,IN
economic,JJ
and,CC
domestic,JJ
policy,NN
.,.
EOS,EOS
white,NNP
house,NNP
aides,NNS
said,VBD
that,IN
although,IN
they,PRP
made,VBD
a,DT
small,JJ
compromise,NN
on,IN
the,DT
length,NN
of,IN
a,DT
training,NN
wage,NN
",",","
the,DT
final,JJ
minimum-wage,NN
increase,NN
will,MD
meet,VB
the,DT
standards,NNS
set,VBN
by,IN
mr.,NNP
bush,NNP
.,.
EOS,EOS
the,DT
bill,NN
vetoed,VBN
by,IN
the,DT
president,NN
in,IN
june,NNP
",",","
which,WDT
the,DT
house,NNP
failed,VBD
to,TO
override,VB
",",","
would,MD
have,VB
lifted,VBN
the,DT
minimum,NN
wage,NN
to,TO
$,$
4.55,CD
an,DT
hour,NN
by,IN
late,JJ
1991,CD
",",","
with,IN
a,DT
training,NN
wage,NN
for,IN
up,RB
to,TO
two,CD
months,NNS
",",","
generally,RB
for,IN
a,DT
worker,NN
's,POS
first,JJ
job,NN
.,.
EOS,EOS
mr.,NNP
bush,NNP
had,VBD
been,VBN
holding,VBG
out,RB
for,IN
a,DT
bill,NN
boosting,VBG
the,DT
wage,NN
floor,NN
to,TO
$,$
4.25,CD
an,DT
hour,NN
by,IN
the,DT
end,NN
of,IN
1991,CD
",",","
coupled,VBN
with,IN
a,DT
six-month,JJ
training,NN
wage,NN
for,IN
workers,NNS
newly,RB
hired,VBN
by,IN
any,DT
employer,NN
.,.
EOS,EOS
under,IN
the,DT
compromise,NN
",",","
the,DT
$,$
4.25,CD
level,NN
would,MD
be,VB
reached,VBN
nine,CD
months,NNS
earlier,RB
",",","
while,IN
the,DT
training,NN
subminimum,JJ
would,MD
be,VB
shorter,JJR
",",","
unless,IN
it,PRP
is,VBZ
tied,VBN
to,TO
a,DT
training,NN
plan,NN
.,.
EOS,EOS
democrats,NNP
argued,VBD
that,IN
the,DT
training,NN
wage,NN
was,VBD
a,DT
way,NN
of,IN
allowing,VBG
employers,NNS
to,TO
pay,VB
less,JJR
than,IN
the,DT
minimum,NN
wage,NN
",",","
while,IN
new,JJ
workers,NNS
need,VBP
far,RB
less,JJR
than,IN
six,CD
months,NNS
to,TO
be,VB
trained,VBN
for,IN
their,PRP$
jobs,NNS
.,.
EOS,EOS
democrats,NNPS
had,VBD
been,VBN
negotiating,VBG
with,IN
some,DT
republican,JJ
congressional,JJ
leaders,NNS
on,IN
a,DT
compromise,NN
lately,RB
.,.
EOS,EOS
with,IN
congressional,JJ
elections,NNS
next,IN
year,NN
",",","
gop,NNP
leaders,NNS
have,VBP
worried,VBN
about,IN
opposing,VBG
a,DT
minimum-wage,NN
rise,NN
for,IN
low-paid,JJ
workers,NNS
at,IN
a,DT
time,NN
when,WRB
congress,NNP
is,VBZ
moving,VBG
toward,IN
a,DT
capital-gains,NNS
tax,NN
cut,NN
that,WDT
would,MD
directly,RB
benefit,VB
wealthier,JJR
taxpayers,NNS
.,.
EOS,EOS
republicans,NNPS
have,VBP
been,VBN
imploring,VBG
the,DT
white,NNP
house,NNP
to,TO
compromise,VB
on,IN
the,DT
wage,NN
issue,NN
.,.
EOS,EOS
in,IN
the,DT
senate,NNP
",",","
edward,NNP
kennedy,NNP
(,(
d.,NNP
",",","
mass.,NNP
),)
",",","
chairman,NN
of,IN
the,DT
labor,NNP
committee,NNP
",",","
and,CC
pete,NNP
domenici,NNP
",",","
(,(
r.,NNP
",",","
n.m,NNP
.,.
EOS,EOS
),)
ranking,VBG
minority,NN
member,NN
of,IN
the,DT
budget,NNP
committee,NNP
",",","
have,VBP
been,VBN
working,VBG
on,IN
a,DT
compromise,NN
",",","
and,CC
their,PRP$
soundings,NNS
showed,VBD
that,IN
the,DT
senate,NNP
appeared,VBD
to,TO
be,VB
heading,VBG
toward,IN
enough,JJ
strength,NN
to,TO
override,VB
another,DT
bush,NNP
veto,NN
",",","
a,DT
democratic,JJ
staff,NN
official,NN
said,VBD
.,.
EOS,EOS
the,DT
house,NNP
is,VBZ
scheduled,VBN
to,TO
vote,VB
this,DT
week,NN
on,IN
the,DT
compromise,NN
",",","
as,IN
a,DT
substitute,NN
to,TO
a,DT
new,JJ
democratic,JJ
bill,NN
",",","
itself,PRP
watered,VBD
down,RB
from,IN
last,JJ
spring,NN
's,POS
version,NN
.,.
EOS,EOS
the,DT
senate,NNP
will,MD
probably,RB
vote,VB
not,RB
long,RB
afterward,RB
.,.
EOS,EOS
some,DT
democrats,NNPS
thought,VBD
they,PRP
might,MD
have,VB
compromised,VBN
too,RB
much,RB
.,.
EOS,EOS
rep.,NNP
austin,NNP
murphy,NNP
(,(
d.,NNP
",",","
pa.,NNP
),)
",",","
chairman,NN
of,IN
the,DT
house,NNP
labor,NN
standards,NNS
subcommittee,NN
",",","
said,VBD
they,PRP
might,MD
have,VB
done,VBN
better,RBR
``,``
if,IN
we,PRP
'd,VBD
held,VBN
their,PRP$
feet,NNS
to,TO
the,DT
fire,NN
.,.
EOS,EOS
'',''
mr.,NNP
kennedy,NNP
suggested,VBD
democrats,NNPS
``,``
yielded,VBD
a,DT
great,JJ
deal,NN
'',''
on,IN
the,DT
size,NN
of,IN
the,DT
increase,NN
",",","
but,CC
he,PRP
cited,VBD
concessions,NNS
from,IN
the,DT
white,NNP
house,NNP
on,IN
the,DT
training,NN
wage,NN
",",","
which,WDT
he,PRP
said,VBD
make,VB
it,PRP
``,``
less,RBR
harsh,JJ
.,.
EOS,EOS
with,IN
only,RB
16-year-olds,NNS
to,TO
19-year-olds,NNS
eligible,JJ
",",","
68,CD
%,NN
of,IN
workers,NNS
getting,VBG
less,JJR
than,IN
$,$
4.25,CD
an,DT
hour,NN
",",","
who,WP
are,VBP
adults,NNS
",",","
wo,MD
n't,RB
be,VB
subject,JJ
to,TO
the,DT
training,NN
wage,NN
",",","
he,PRP
said,VBD
.,.
EOS,EOS
the,DT
afl-cio,NNP
",",","
which,WDT
previously,RB
opposed,VBD
the,DT
administration,NN
's,POS
subminimum,JJ
idea,NN
",",","
said,VBD
the,DT
compromise,NN
has,VBZ
``,``
adequate,JJ
safeguards,NNS
",",","
so,IN
the,DT
youth,NN
are,VBP
not,RB
exploited,VBN
and,CC
older,JJR
workers,NNS
are,VBP
not,RB
displaced,VBN
.,.
EOS,EOS
gerald,NNP
f.,NNP
seib,NNP
contributed,VBD
to,TO
this,DT
article,NN
.,.
EOS,EOS
i,PRP
was,VBD
pleased,JJ
to,TO
note,VB
that,DT
your,PRP$
oct.,NNP
23,CD
centennial,NNP
journal,NNP
item,NN
recognized,VBD
the,DT
money-fund,NN
concept,NN
as,IN
one,CD
of,IN
the,DT
significant,JJ
events,NNS
of,IN
the,DT
past,JJ
century,NN
.,.
EOS,EOS
actually,RB
",",","
about,IN
two,CD
years,NNS
ago,RB
",",","
the,DT
journal,NNP
listed,VBD
the,DT
creation,NN
of,IN
the,DT
money,NN
fund,NN
as,IN
one,CD
of,IN
the,DT
10,CD
most,RBS
significant,JJ
events,NNS
in,IN
the,DT
world,NN
of,IN
finance,NN
in,IN
the,DT
20th,JJ
century,NN
.,.
EOS,EOS
but,CC
the,DT
reserve,NNP
fund,NNP
",",","
america,NNP
's,POS
first,JJ
money,NN
fund,NN
",",","
was,VBD
not,RB
named,VBN
",",","
nor,CC
were,VBD
the,DT
creators,NNS
of,IN
the,DT
money-fund,NN
concept,NN
",",","
harry,NNP
brown,NNP
and,CC
myself,PRP
.,.
EOS,EOS
we,PRP
innovated,VBD
telephone,NN
redemptions,NNS
",",","
daily,JJ
dividends,NNS
",",","
total,JJ
elimination,NN
of,IN
share,NN
certificates,NNS
and,CC
the,DT
constant,JJ
$,$
1,CD
pershare,JJ
pricing,NN
",",","
all,DT
of,IN
which,WDT
were,VBD
painfully,RB
thought,VBN
out,RB
and,CC
not,RB
the,DT
result,NN
of,IN
some,DT
inadvertence,NN
on,IN
the,DT
part,NN
of,IN
the,DT
sec,NNP
.,.
EOS,EOS
president,NN
EOS,EOS
the,DT
reserve,NNP
fund,NNP
EOS,EOS
new,JJ
york,NNP
EOS,EOS
`,``
frequent,JJ
drinker,NN
',''
offer,NN
EOS,EOS
stirs,VBZ
up,RP
spirited,JJ
debate,NN
EOS,EOS
to,TO
grab,NNP
a,DT
bigger,JJR
piece,NN
of,IN
the,DT
declining,VBG
scotch,NN
market,NN
",",","
seagram,NNP
co.,NNP
has,VBZ
launched,VBN
a,DT
controversial,JJ
``,``
frequent,JJ
drinker,NN
'',''
promotion,NN
for,IN
its,PRP$
chivas,NNP
regal,NNP
brand,NN
.,.
EOS,EOS
under,IN
the,DT
program,NN
",",","
dubbed,VBN
chivas,NNP
class,NNP
",",","
customers,NNS
who,WP
send,VBP
in,IN
two,CD
labels,NNS
from,IN
chivas,NNP
bottles,NNS
will,MD
receive,VB
an,DT
upgrade,NN
in,IN
seating,VBG
class,NN
on,IN
some,DT
trans,NNP
world,NNP
airlines,NNPS
flights,NNS
.,.
EOS,EOS
repeat,NN
customers,NNS
also,RB
can,MD
purchase,VB
luxury,NN
items,NNS
at,IN
reduced,JJ
prices,NNS
.,.
EOS,EOS
but,CC
at,IN
a,DT
time,NN
of,IN
mounting,VBG
concern,NN
over,IN
alcohol,NN
abuse,NN
",",","
some,DT
liquor,NN
marketers,NNS
consider,VBP
seagram,NNP
's,POS
frequent,JJ
buyer,NN
promotion,NN
risky,JJ
.,.
EOS,EOS
``,``
i,PRP
'm,VBP
surprised,JJ
they,PRP
're,VBP
doing,VBG
this,DT
",",","
'',''
says,VBZ
penn,NNP
kavanagh,NNP
",",","
president,NN
of,IN
schieffelin,NNP
&,CC
somerset,NNP
co.,NNP
",",","
which,WDT
markets,VBZ
johnnie,NNP
walker,NNP
scotches,NNS
.,.
EOS,EOS
``,``
i,PRP
would,MD
be,VB
very,RB
leery,JJ
of,IN
anything,NN
that,WDT
says,VBZ
if,IN
you,PRP
drink,VBP
more,JJR
",",","
you,PRP
get,VBP
more,JJR
.,.
EOS,EOS
others,NNS
question,VBP
the,DT
impact,NN
on,IN
chivas,NNP
's,POS
upscale,JJ
image,NN
of,IN
a,DT
promotion,NN
that,WDT
has,VBZ
customers,NNS
soaking,VBG
off,RP
labels,NNS
.,.
EOS,EOS
``,``
it,PRP
's,VBZ
really,RB
bizarre,JJ
",",","
'',''
says,VBZ
albert,NNP
lerman,NNP
",",","
creative,JJ
director,NN
at,IN
the,DT
wells,NNP
rich,NNP
greene,NNP
ad,NN
agency,NN
.,.
EOS,EOS
``,``
chivas,NNP
has,VBZ
an,DT
image,NN
of,IN
something,NN
you,PRP
would,MD
savor,VB
",",","
rather,RB
than,IN
guzzle,VB
.,.
EOS,EOS
chivas,NNP
class,NNP
is,VBZ
n't,RB
the,DT
first,JJ
such,JJ
promotion,NN
.,.
EOS,EOS
last,JJ
year,NN
",",","
j&b,NNP
scotch,NNP
offered,VBD
500,CD
twa,NNP
frequent,JJ
flier,NN
miles,NNS
in,IN
exchange,NN
for,IN
a,DT
label,NN
.,.
EOS,EOS
and,CC
dewar,NNP
's,POS
gave,VBD
discounts,NNS
on,IN
scottish,JJ
merchandise,NN
to,TO
people,NNS
who,WP
sent,VBD
in,IN
bottle,NN
labels,NNS
.,.
EOS,EOS
but,CC
the,DT
scope,NN
of,IN
seagram,NNP
's,POS
chivas,NNP
promotion,NN
sets,VBZ
it,PRP
apart,RB
.,.
EOS,EOS
the,DT
current,JJ
campaign,NN
is,VBZ
just,RB
the,DT
first,JJ
leg,NN
of,IN
an,DT
aggressive,JJ
three-to-five-year,JJ
direct,JJ
marketing,NN
plan,NN
.,.
EOS,EOS
seagram,NNP
says,VBZ
the,DT
promotion,NN
is,VBZ
designed,VBN
to,TO
build,VB
brand,NN
loyalty,NN
rather,RB
than,IN
promote,VB
heavy,JJ
drinking,NN
.,.
EOS,EOS
seagram,NNP
asks,VBZ
customers,NNS
to,TO
buy,VB
only,RB
two,CD
or,CC
three,CD
bottles,NNS
over,IN
a,DT
12-month,JJ
period,NN
",",","
says,VBZ
richard,NNP
shaw,NNP
",",","
vice,NN
president,NN
of,IN
u.s.,NNP
direct,JJ
marketing,NN
.,.
EOS,EOS
``,``
we,PRP
're,VBP
not,RB
asking,VBG
them,PRP
to,TO
save,VB
up,RP
50,CD
proof-of-purchases,NNS
.,.
EOS,EOS
we,PRP
're,VBP
not,RB
saying,VBG
drink,VB
more,JJR
",",","
we,PRP
're,VBP
saying,VBG
trade,NN
up,RP
.,.
EOS,EOS
goya,NNP
concocts,VBZ
a,DT
milk,NN
EOS,EOS
for,IN
hispanic,JJ
tastes,NNS
EOS,EOS
most,JJS
food,NN
companies,NNS
these,DT
days,NNS
are,VBP
trimming,VBG
the,DT
fat,NN
and,CC
cholesterol,NN
content,NN
of,IN
their,PRP$
products,NNS
to,TO
appeal,VB
to,TO
health-conscious,JJ
consumers,NNS
.,.
EOS,EOS
but,CC
goya,NNP
foods,NNPS
inc.,NNP
believes,VBZ
it,PRP
can,MD
milk,VB
some,DT
sales,NNS
by,IN
bucking,VBG
the,DT
trend,NN
.,.
EOS,EOS
the,DT
secaucus,NNP
",",","
n.j.,NNP
",",","
company,NN
has,VBZ
formed,VBN
a,DT
joint,JJ
venture,NN
with,IN
a,DT
distributor,NN
called,VBN
la,NNP
lecheria,NNP
to,TO
market,VB
a,DT
higher-fat,JJR
milk,NN
targeted,VBN
at,IN
hispanic,JJ
consumers,NNS
.,.
EOS,EOS
to,TO
give,VB
leche,NNP
fresca,NNP
the,DT
creamier,JJR
taste,NN
goya,NNP
says,VBZ
hispanics,NNPS
prefer,VBP
",",","
the,DT
new,JJ
brand,NN
has,VBZ
a,DT
butterfat,NN
content,NN
of,IN
3.8,CD
%,NN
.,.
EOS,EOS
that,DT
compares,VBZ
with,IN
3.5,CD
%,NN
butterfat,NN
for,IN
whole,JJ
milk,NN
.,.
EOS,EOS
a,DT
spokesman,NN
for,IN
borden,NNP
inc.,NNP
",",","
the,DT
nation,NN
's,POS
largest,JJS
milk,NN
producer,NN
",",","
concedes,VBZ
goya,NNP
may,MD
be,VB
on,IN
to,TO
something,NN
.,.
EOS,EOS
borden,NNP
sells,VBZ
considerably,RB
more,JJR
whole,JJ
milk,NN
than,IN
reduced-fat,JJ
milks,NNS
in,IN
southern,JJ
and,CC
hispanic,JJ
markets,NNS
",",","
he,PRP
says,VBZ
.,.
EOS,EOS
borden,NNP
even,RB
tested,VBD
a,DT
milk,NN
with,IN
4,CD
%,NN
butterfat,NN
in,IN
the,DT
south,NNP
",",","
but,CC
decided,VBD
the,DT
market,NN
was,VBD
too,RB
small,JJ
.,.
EOS,EOS
goya,NNP
is,VBZ
selling,VBG
leche,NNP
fresca,NNP
in,IN
nearly,RB
500,CD
grocery,NN
stores,NNS
and,CC
bodegas,NNS
in,IN
new,NNP
york,NNP
and,CC
parts,NNS
of,IN
new,NNP
jersey,NNP
.,.
EOS,EOS
and,CC
it,PRP
's,VBZ
adding,VBG
15,CD
to,TO
20,CD
new,JJ
outlets,NNS
a,DT
day,NN
",",","
says,VBZ
greg,NNP
ricca,NNP
",",","
sales,NNS
director,NN
at,IN
la,NNP
lecheria,NNP
.,.
EOS,EOS
because,IN
of,IN
leche,NNP
fresca,NNP
's,POS
success,NN
",",","
he,PRP
says,VBZ
",",","
the,DT
joint,JJ
venture,NN
is,VBZ
developing,VBG
other,JJ
dairy,NN
products,NNS
tailored,VBN
to,TO
hispanic,JJ
tastes,NNS
.,.
EOS,EOS
jewelry,NN
makers,NNS
copy,VBP
EOS,EOS
cosmetics,NNS
sales,NNS
ploys,NNS
EOS,EOS
for,IN
years,NNS
",",","
costume,JJ
jewelry,NN
makers,NNS
fought,VBD
a,DT
losing,JJ
battle,NN
.,.
EOS,EOS
jewelry,NN
displays,NNS
in,IN
department,NN
stores,NNS
were,VBD
often,RB
cluttered,JJ
and,CC
uninspired,JJ
.,.
EOS,EOS
and,CC
the,DT
merchandise,NN
was,VBD
",",","
well,UH
",",","
fake,JJ
.,.
EOS,EOS
as,IN
a,DT
result,NN
",",","
marketers,NNS
of,IN
faux,JJ
gems,NNS
steadily,RB
lost,VBD
space,NN
in,IN
department,NN
stores,NNS
to,TO
more,RBR
fashionable,JJ
rivals,NNS
--,:
cosmetics,NNS
makers,NNS
.,.
EOS,EOS
but,CC
lately,RB
",",","
retailers,NNS
say,VBP
",",","
fake,JJ
has,VBZ
become,VBN
more,RBR
fashionable,JJ
.,.
EOS,EOS
and,CC
jewelry,NN
makers,NNS
are,VBP
beginning,VBG
to,TO
use,VB
many,JJ
of,IN
the,DT
same,JJ
marketing,NN
tricks,NNS
honed,VBN
in,IN
the,DT
aggressive,JJ
world,NN
of,IN
cosmetics,NNS
.,.
EOS,EOS
last,JJ
year,NN
",",","
the,DT
total,JJ
women,NNS
's,POS
fashion,NN
jewelry,NN
business,NN
topped,VBD
$,$
4.9,CD
billion,CD
",",","
says,VBZ
karen,NNP
alberg,NNP
",",","
editor,NN
of,IN
accessories,NNP
magazine,NN
.,.
EOS,EOS
and,CC
it,PRP
's,VBZ
growing,VBG
fast,RB
",",","
with,IN
annual,JJ
sales,NNS
gains,NNS
of,IN
more,JJR
than,IN
10,CD
%,NN
.,.
EOS,EOS
to,TO
increase,VB
their,PRP$
share,NN
of,IN
that,DT
business,NN
",",","
jewelry,NN
makers,NNS
such,JJ
as,IN
crystal,NNP
brands,NNPS
inc.,NNP
's,POS
trifari,NNP
and,CC
monet,NNP
units,NNS
and,CC
swank,NNP
inc.,NNP
",",","
maker,NN
of,IN
anne,NNP
klein,NNP
jewelry,NN
",",","
are,VBP
launching,VBG
new,JJ
lines,NNS
with,IN
as,RB
much,JJ
fanfare,NN
as,IN
the,DT
fragrance,NN
companies,NNS
.,.
EOS,EOS
they,PRP
're,VBP
hiring,VBG
models,NNS
to,TO
stroll,VB
the,DT
aisles,NNS
sporting,VBG
their,PRP$
jewels,NNS
",",","
and,CC
they,PRP
're,VBP
even,RB
beginning,VBG
to,TO
borrow,VB
a,DT
perennial,JJ
favorite,NN
of,IN
the,DT
beauty,NN
business,NN
--,:
offering,VBG
a,DT
gift,NN
when,WRB
consumers,NNS
make,VBP
a,DT
purchase,NN
.,.
EOS,EOS
``,``
we,PRP
've,VBP
started,VBN
trying,VBG
just,RB
about,IN
anything,NN
to,TO
keep,VB
sales,NNS
moving,VBG
in,IN
the,DT
stores,NNS
",",","
'',''
says,VBZ
kim,NNP
renk,NNP
",",","
a,DT
swank,NNP
vice,NN
president,NN
.,.
EOS,EOS
but,CC
there,EX
are,VBP
limits,NNS
.,.
EOS,EOS
ms.,NNP
renk,NNP
says,VBZ
retailers,NNS
nixed,VBD
a,DT
promotion,NN
for,IN
pins,NNS
with,IN
animal,NN
motifs,NNS
.,.
EOS,EOS
her,PRP$
idea,NN
:,:
bring,VB
in,RP
live,JJ
zoo,NN
animals,NNS
.,.
EOS,EOS
trifari,NNP
",",","
whose,WP$
national,JJ
ads,NNS
earlier,RB
this,DT
year,NN
included,VBD
paper,NN
cutouts,NNS
of,IN
its,PRP$
costume,NN
finery,NN
",",","
takes,VBZ
a,DT
tamer,JJR
approach,NN
.,.
EOS,EOS
the,DT
company,NN
focuses,VBZ
on,IN
the,DT
how-to,JJ
aspects,NNS
",",","
says,VBZ
andrew,NNP
e.,NNP
philip,NNP
",",","
president,NN
.,.
EOS,EOS
trifari,NNP
now,RB
trains,VBZ
sales,NNS
help,NN
to,TO
advise,VB
customers,NNS
on,IN
the,DT
best,JJS
earring,NN
styles,NNS
.,.
EOS,EOS
but,CC
cosmetics,NNS
firms,NNS
still,RB
have,VBP
one,CD
big,JJ
marketing,NN
edge,NN
:,:
they,PRP
motivate,VBP
sales,NNS
people,NNS
with,IN
commissions,NNS
.,.
EOS,EOS
jewelry,NN
makers,NNS
rarely,RB
pay,VBP
commissions,NNS
and,CC
are,VBP
n't,RB
expected,VBN
to,TO
anytime,RB
soon,RB
.,.
EOS,EOS
odds,NNS
and,CC
ends,NNS
EOS,EOS
despite,IN
growing,VBG
interest,NN
in,IN
the,DT
environment,NN
",",","
u.s.,NNP
consumers,NNS
have,VBP
n't,RB
shown,VBN
much,JJ
interest,NN
in,IN
refillable,JJ
packages,NNS
for,IN
household,NN
products,NNS
.,.
EOS,EOS
procter,NNP
&,CC
gamble,NNP
co.,NNP
recently,RB
introduced,VBD
refillable,JJ
versions,NNS
of,IN
four,CD
products,NNS
",",","
including,VBG
tide,NNP
and,CC
mr.,NNP
clean,NNP
",",","
in,IN
canada,NNP
",",","
but,CC
does,VBZ
n't,RB
plan,VB
to,TO
bring,VB
them,PRP
to,TO
the,DT
u.s,NNP
.,.
EOS,EOS
marketers,NNS
believe,VBP
most,JJS
americans,NNPS
wo,MD
n't,RB
make,VB
the,DT
convenience,NN
trade-off,NN
...,:
.,.
EOS,EOS
braumeisters,NNPS
ltd.,NNP
tests,VBZ
a,DT
beer,NN
brewed,VBN
with,IN
oat,NN
bran,NN
",",","
rather,RB
than,IN
rice,NN
or,CC
corn,NN
.,.
EOS,EOS
called,VBN
otto,NNP
's,POS
original,NNP
oat,NNP
bran,NNP
beer,NNP
",",","
the,DT
brew,NN
costs,VBZ
about,IN
$,$
12.75,CD
a,DT
case,NN
.,.
EOS,EOS
no,DT
cholesterol,NN
",",","
of,IN
course,NN
.,.
EOS,EOS
michael,NNP
blair,NNP
",",","
former,JJ
president,NN
and,CC
chief,JJ
executive,NN
officer,NN
of,IN
enfield,NNP
corp.,NNP
",",","
failed,VBD
to,TO
win,VB
election,NN
to,TO
the,DT
company,NN
's,POS
board,NN
at,IN
a,DT
special,JJ
shareholder,NN
meeting,NN
.,.
EOS,EOS
mr.,NNP
blair,NNP
said,VBD
after,IN
the,DT
meeting,NN
that,IN
he,PRP
had,VBD
filed,VBN
separate,JJ
lawsuits,NNS
in,IN
the,DT
ontario,NNP
supreme,NNP
court,NNP
for,IN
unjust,JJ
dismissal,NN
against,IN
enfield,NNP
and,CC
for,IN
libel,NN
against,IN
its,PRP$
largest,JJS
shareholder,NN
",",","
canadian,NNP
express,NNP
ltd.,NNP
",",","
and,CC
two,CD
executives,NNS
of,IN
hees,NNP
international,NNP
bancorp,NNP
inc.,NNP
",",","
which,WDT
controls,VBZ
canadian,NNP
express,NNP
.,.
EOS,EOS
holders,NNS
at,IN
the,DT
meeting,NN
elected,VBD
a,DT
full,JJ
slate,NN
of,IN
canadian,NNP
express,NNP
nominees,NNS
to,TO
enfield,NNP
's,POS
11-member,JJ
board,NN
.,.
EOS,EOS
mr.,NNP
blair,NNP
and,CC
hees,NNP
have,VBP
been,VBN
feuding,VBG
for,IN
months,NNS
.,.
EOS,EOS
yesterday,NN
's,POS
election,NN
was,VBD
a,DT
sequel,NN
to,TO
enfield,NNP
's,POS
annual,JJ
meeting,NN
in,IN
june,NNP
when,WRB
mr.,NNP
blair,NNP
disallowed,VBD
proxies,NNS
in,IN
favor,NN
of,IN
two,CD
hees,NNP
nominees,NNS
.,.
EOS,EOS
the,DT
ontario,NNP
supreme,NNP
court,NNP
overturned,VBD
mr.,NNP
blair,NNP
's,POS
decision,NN
.,.
EOS,EOS
he,PRP
later,RB
resigned,VBD
from,IN
his,PRP$
executive,NN
positions,NNS
with,IN
enfield,NNP
",",","
saying,VBG
that,IN
actions,NNS
by,IN
its,PRP$
board,NN
``,``
amounted,VBD
to,TO
{,(
my,PRP$
},)
dismissal,NN
.,.
EOS,EOS
mr.,NNP
blair,NNP
said,VBD
his,PRP$
libel,NN
suit,NN
seeks,VBZ
10,CD
million,CD
canadian,JJ
dollars,NNS
(,(
us$,$
8.5,CD
million,CD
),)
from,IN
canadian,NNP
express,NNP
and,CC
hees,NNP
executives,NNS
manfred,NNP
walt,NNP
and,CC
willard,NNP
l'heureux,NNP
.,.
EOS,EOS
he,PRP
said,VBD
his,PRP$
suit,NN
against,IN
enfield,NNP
seeks,VBZ
two,CD
years,NNS
severance,NN
pay,NN
",",","
equivalent,JJ
to,TO
c$,$
"720,000",CD
.,.
EOS,EOS
hees,NNP
and,CC
canadian,NNP
express,NNP
executives,NNS
could,MD
n't,RB
be,VB
reached,VBN
for,IN
comment,NN
.,.
EOS,EOS
enfield,NNP
is,VBZ
a,DT
holding,VBG
company,NN
with,IN
interests,NNS
in,IN
manufacturing,VBG
concerns,NNS
.,.
EOS,EOS
it,PRP
is,VBZ
38.5,CD
%,NN
owned,VBN
by,IN
canadian,NNP
express,NNP
",",","
another,DT
holding,VBG
company,NN
.,.
EOS,EOS
hees,NNP
is,VBZ
a,DT
merchant,NN
bank,NN
controlled,VBN
by,IN
toronto,NNP
financiers,NNS
peter,NNP
and,CC
edward,NNP
bronfman,NNP
.,.
EOS,EOS
all,PDT
the,DT
concerns,NNS
are,VBP
based,VBN
in,IN
toronto,NNP
.,.
EOS,EOS
the,DT
internal,NNP
revenue,NNP
service,NNP
said,VBD
it,PRP
is,VBZ
willing,JJ
to,TO
let,VB
the,DT
u.s.,NNP
tax,NNP
court,NNP
decide,VB
how,WRB
much,JJ
oil,NN
man,NN
william,NNP
herbert,NNP
hunt,NNP
will,MD
owe,VB
the,DT
government,NN
after,IN
his,PRP$
assets,NNS
are,VBP
liquidated,VBN
.,.
EOS,EOS
the,DT
surprise,NN
announcement,NN
came,VBD
after,IN
the,DT
irs,NNP
broke,VBD
off,RP
negotiations,NNS
with,IN
mr.,NNP
hunt,NNP
on,IN
a,DT
settlement,NN
of,IN
the,DT
one-time,JJ
tycoon,NN
's,POS
personal,JJ
bankruptcy,NN
case,NN
.,.
EOS,EOS
although,IN
the,DT
action,NN
removes,VBZ
one,CD
obstacle,NN
in,IN
the,DT
way,NN
of,IN
an,DT
overall,JJ
settlement,NN
to,TO
the,DT
case,NN
",",","
it,PRP
also,RB
means,VBZ
that,IN
mr.,NNP
hunt,NNP
could,MD
be,VB
stripped,VBN
of,IN
virtually,RB
all,DT
of,IN
his,PRP$
assets,NNS
if,IN
the,DT
tax,NNP
court,NNP
rules,VBZ
against,IN
him,PRP
in,IN
a,DT
1982,CD
case,NN
heard,VBN
earlier,RBR
this,DT
year,NN
in,IN
washington,NNP
",",","
d.c,NNP
.,.
EOS,EOS
the,DT
irs,NNP
has,VBZ
been,VBN
seeking,VBG
more,JJR
than,IN
$,$
300,CD
million,CD
in,IN
back,JJ
taxes,NNS
from,IN
mr.,NNP
hunt,NNP
.,.
EOS,EOS
separately,RB
",",","
a,DT
federal,JJ
judge,NN
hearing,VBG
mr.,NNP
hunt,NNP
's,POS
bankruptcy,NN
case,NN
yesterday,NN
turned,VBD
down,RP
a,DT
proposed,VBN
$,$
65.7,CD
million,CD
settlement,NN
between,IN
mr.,NNP
hunt,NNP
and,CC
minpeco,NNP
s.a.,NNP
",",","
another,DT
major,JJ
creditor,NN
in,IN
the,DT
case,NN
.,.
EOS,EOS
the,DT
peruvian,JJ
minerals,NNS
concern,NN
had,VBD
been,VBN
seeking,VBG
a,DT
claim,NN
of,IN
$,$
251,CD
million,CD
against,IN
mr.,NNP
hunt,NNP
.,.
EOS,EOS
in,IN
addition,NN
to,TO
turning,VBG
down,RP
the,DT
compromise,NN
",",","
judge,NNP
harold,NNP
c.,NNP
abramson,NNP
said,VBD
he,PRP
would,MD
allow,VB
a,DT
claim,NN
of,IN
only,RB
$,$
19.7,CD
million,CD
.,.
EOS,EOS
minpeco,NNP
attorneys,NNS
said,VBD
they,PRP
would,MD
appeal,VB
the,DT
decision,NN
to,TO
a,DT
federal,JJ
district,NN
court,NN
.,.
EOS,EOS
regarding,VBG
mr.,NNP
hunt,NNP
's,POS
taxes,NNS
",",","
he,PRP
and,CC
the,DT
irs,NNP
have,VBP
apparently,RB
agreed,VBN
on,IN
a,DT
basic,JJ
formula,NN
for,IN
liquidating,VBG
his,PRP$
estate,NN
in,IN
which,WDT
the,DT
irs,NNP
would,MD
get,VB
70,CD
%,NN
of,IN
the,DT
proceeds,NNS
from,IN
a,DT
liquidating,JJ
trust,NN
and,CC
30,CD
%,NN
would,MD
go,VB
to,TO
other,JJ
creditors,NNS
.,.
EOS,EOS
but,CC
they,PRP
have,VBP
been,VBN
at,IN
odds,NNS
over,IN
how,WRB
much,JJ
mr.,NNP
hunt,NNP
would,MD
owe,VB
the,DT
government,NN
after,IN
his,PRP$
assets,NNS
are,VBP
sold,VBN
.,.
EOS,EOS
the,DT
irs,NNP
had,VBD
demanded,VBN
$,$
90,CD
million,CD
but,CC
mr.,NNP
hunt,NNP
would,MD
agree,VB
to,TO
no,DT
more,JJR
than,IN
$,$
60,CD
million,CD
.,.
EOS,EOS
grover,NNP
hartt,NNP
iii,NNP
",",","
a,DT
government,NN
lawyer,NN
",",","
warned,VBD
that,IN
mr.,NNP
hunt,NNP
stood,VBD
to,TO
lose,VB
certain,JJ
oil,NN
and,CC
gas,NN
properties,NNS
",",","
$,$
"200,000",CD
in,IN
english,JJ
pottery,NN
",",","
a,DT
colorado,NNP
condominium,NN
and,CC
other,JJ
assets,NNS
he,PRP
might,MD
have,VB
kept,VBN
if,IN
he,PRP
had,VBD
settled,VBN
with,IN
the,DT
irs,NNP
.,.
EOS,EOS
``,``
but,CC
they,PRP
wanted,VBD
to,TO
roll,VB
the,DT
dice,NNS
and,CC
we,PRP
're,VBP
going,VBG
to,TO
let,VB
them,PRP
",",","
'',''
mr.,NNP
hartt,NNP
said,VBD
.,.
EOS,EOS
stephen,NNP
mccartin,NNP
",",","
mr.,NNP
hunt,NNP
's,POS
attorney,NN
",",","
said,VBD
his,PRP$
client,NN
welcomed,VBD
the,DT
gamble,NN
.,.
EOS,EOS
the,DT
tax,NNP
court,NNP
is,VBZ
n't,RB
expected,VBN
to,TO
rule,VB
before,IN
early,RB
next,JJ
year,NN
.,.
EOS,EOS
raymond,NNP
e.,NNP
ross,NNP
",",","
53,CD
years,NNS
old,JJ
",",","
formerly,RB
group,NN
vice,NN
president,NN
",",","
u.s.,NNP
plastics,NNS
machinery,NN
",",","
at,IN
this,DT
machine,NN
tool,NN
",",","
plastics,NNS
machinery,NN
and,CC
robots,NNS
concern,NN
",",","
was,VBD
named,VBN
senior,JJ
vice,NN
president,NN
",",","
industrial,JJ
systems,NNS
",",","
succeeding,VBG
david,NNP
a.,NN
entrekin,NNP
",",","
who,WP
resigned,VBD
monday,NNP
.,.
EOS,EOS
american,NNP
brands,NNPS
inc.,NNP
",",","
old,NNP
greenwich,NNP
",",","
conn.,NNP
",",","
said,VBD
it,PRP
increased,VBD
its,PRP$
quarterly,JJ
11,CD
%,NN
to,TO
68,CD
cents,NNS
a,DT
share,NN
from,IN
61,CD
cents,NNS
",",","
payable,JJ
dec.,NNP
1,CD
to,TO
stock,NN
of,IN
record,NN
nov.,NNP
10,CD
.,.
EOS,EOS
the,DT
increase,NN
follows,VBZ
the,DT
company,NN
's,POS
report,NN
of,IN
strong,JJ
earnings,NNS
for,IN
the,DT
third,JJ
quarter,NN
",",","
and,CC
reflects,VBZ
what,WP
american,NNP
brands,NNPS
called,VBD
its,PRP$
``,``
tradition,NN
of,IN
sharing,VBG
earnings,NNS
growth,NN
'',''
with,IN
shareholders,NNS
.,.
EOS,EOS
american,NNP
brands,NNPS
is,VBZ
a,DT
consumer,NN
products,NNS
company,NN
with,IN
core,NN
businesses,NNS
in,IN
tobacco,NN
",",","
distilled,JJ
spirits,NNS
and,CC
life,NN
insurance,NN
.,.
EOS,EOS
as,IN
of,IN
sept.,NNP
30,CD
",",","
american,NNP
brands,NNPS
had,VBD
95.2,CD
million,CD
shares,NNS
outstanding,JJ
.,.
EOS,EOS
w.,NNP
ed,NNP
tyler,NNP
",",","
37,CD
years,NNS
old,JJ
",",","
a,DT
senior,JJ
vice,NN
president,NN
at,IN
this,DT
printing,VBG
concern,NN
",",","
was,VBD
elected,VBN
president,NN
of,IN
its,PRP$
technology,NN
group,NN
",",","
a,DT
new,JJ
position,NN
.,.
EOS,EOS
tuesday,NNP
",",","
october,NNP
31,CD
",",","
1989,CD
EOS,EOS
the,DT
key,JJ
u.s.,NNP
and,CC
foreign,JJ
annual,JJ
interest,NN
rates,NNS
below,RB
are,VBP
a,DT
guide,NN
to,TO
general,JJ
levels,NNS
but,CC
do,VBP
n't,RB
always,RB
represent,VB
actual,JJ
transactions,NNS
.,.
EOS,EOS
prime,JJ
rate,NN
:,:
10,CD
1*slashhere*2,CD
%,NN
.,.
EOS,EOS
the,DT
base,JJ
rate,NN
on,IN
corporate,JJ
loans,NNS
at,IN
large,JJ
u.s.,NNP
money,NN
center,NN
commercial,JJ
banks,NNS
.,.
EOS,EOS
federal,JJ
funds,NNS
:,:
9,CD
%,NN
high,JJ
",",","
8,CD
13*slashhere*16,CD
%,NN
low,JJ
",",","
8,CD
7*slashhere*8,CD
%,NN
near,IN
closing,NN
bid,NN
",",","
8,CD
15*slashhere*16,CD
%,NN
offered,VBN
.,.
EOS,EOS
reserves,NNS
traded,VBD
among,IN
commercial,JJ
banks,NNS
for,IN
overnight,JJ
use,NN
in,IN
amounts,NNS
of,IN
$,$
1,CD
million,CD
or,CC
more,JJR
.,.
EOS,EOS
source,NN
:,:
fulton,NNP
prebon,NNP
(,(
u.s.a,NNP
.,.
EOS,EOS
),)
inc,NNP
.,.
EOS,EOS
discount,NN
rate,NN
:,:
7,CD
%,NN
.,.
EOS,EOS
the,DT
charge,NN
on,IN
loans,NNS
to,TO
depository,NN
institutions,NNS
by,IN
the,DT
new,NNP
york,NNP
federal,NNP
reserve,NNP
bank,NNP
.,.
EOS,EOS
call,JJ
money,NN
:,:
9,CD
3*slashhere*4,CD
%,NN
to,TO
10,CD
%,NN
.,.
EOS,EOS
the,DT
charge,NN
on,IN
loans,NNS
to,TO
brokers,NNS
on,IN
stock,NN
exchange,NN
collateral,NN
.,.
EOS,EOS
commercial,JJ
paper,NN
placed,VBN
directly,RB
by,IN
general,NNP
motors,NNPS
acceptance,NNP
corp.,NNP
:,:
8.55,CD
%,NN
30,CD
to,TO
44,CD
days,NNS
;,:
8.25,CD
%,NN
45,CD
to,TO
59,CD
days,NNS
;,:
8.40,CD
%,NN
60,CD
to,TO
89,CD
days,NNS
;,:
8,CD
%,NN
90,CD
to,TO
119,CD
days,NNS
;,:
7.90,CD
%,NN
120,CD
to,TO
149,CD
days,NNS
;,:
7.80,CD
%,NN
150,CD
to,TO
179,CD
days,NNS
;,:
7.55,CD
%,NN
180,CD
to,TO
270,CD
days,NNS
.,.
EOS,EOS
commercial,JJ
paper,NN
:,:
high-grade,JJ
unsecured,JJ
notes,NNS
sold,VBN
through,IN
dealers,NNS
by,IN
major,JJ
corporations,NNS
in,IN
multiples,NNS
of,IN
$,$
"1,000",CD
:,:
8.62,CD
%,NN
30,CD
days,NNS
;,:
8.55,CD
%,NN
60,CD
days,NNS
;,:
8.45,CD
%,NN
90,CD
days,NNS
.,.
EOS,EOS
certificates,NNS
of,IN
deposit,NN
:,:
8.09,CD
%,NN
one,CD
month,NN
;,:
8.04,CD
%,NN
two,CD
months,NNS
;,:
8.03,CD
%,NN
three,CD
months,NNS
;,:
7.96,CD
%,NN
six,CD
months,NNS
;,:
7.92,CD
%,NN
one,CD
year,NN
.,.
EOS,EOS
average,JJ
of,IN
top,JJ
rates,NNS
paid,VBN
by,IN
major,JJ
new,NNP
york,NNP
banks,NNS
on,IN
primary,JJ
new,JJ
issues,NNS
of,IN
negotiable,JJ
c.d.s,NNPS
",",","
usually,RB
on,IN
amounts,NNS
of,IN
$,$
1,CD
million,CD
and,CC
more,JJR
.,.
EOS,EOS
the,DT
minimum,JJ
unit,NN
is,VBZ
$,$
"100,000",CD
.,.
EOS,EOS
typical,JJ
rates,NNS
in,IN
the,DT
secondary,JJ
market,NN
:,:
8.53,CD
%,NN
one,CD
month,NN
;,:
8.50,CD
%,NN
three,CD
months,NNS
;,:
8.30,CD
%,NN
six,CD
months,NNS
.,.
EOS,EOS
bankers,NNS
acceptances,NNS
:,:
8.49,CD
%,NN
30,CD
days,NNS
;,:
8.44,CD
%,NN
60,CD
days,NNS
;,:
8.27,CD
%,NN
90,CD
days,NNS
;,:
8.12,CD
%,NN
120,CD
days,NNS
;,:
8.05,CD
%,NN
150,CD
days,NNS
;,:
7.98,CD
%,NN
180,CD
days,NNS
.,.
EOS,EOS
negotiable,JJ
",",","
bank-backed,JJ
business,NN
credit,NN
instruments,NNS
typically,RB
financing,VBG
an,DT
import,NN
order,NN
.,.
EOS,EOS
london,NNP
late,JJ
eurodollars,NNS
:,:
8,CD
3*slashhere*4,CD
%,NN
to,TO
8,CD
5*slashhere*8,CD
%,NN
one,CD
month,NN
;,:
8,CD
3*slashhere*4,CD
%,NN
to,TO
8,CD
5*slashhere*8,CD
%,NN
two,CD
months,NNS
;,:
8,CD
11*slashhere*16,CD
%,NN
to,TO
8,CD
9*slashhere*16,CD
%,NN
three,CD
months,NNS
;,:
8,CD
9*slashhere*16,CD
%,NN
to,TO
8,CD
7*slashhere*16,CD
%,NN
four,CD
months,NNS
;,:
8,CD
1*slashhere*2,CD
%,NN
to,TO
8,CD
3*slashhere*8,CD
%,NN
five,CD
months,NNS
;,:
8,CD
7*slashhere*16,CD
%,NN
to,TO
8,CD
5*slashhere*16,CD
%,NN
six,CD
months,NNS
.,.
EOS,EOS
london,NNP
interbank,NNP
offered,NNP
rates,NNPS
(,(
libor,NNP
),)
:,:
8,CD
3*slashhere*4,CD
%,NN
one,CD
month,NN
;,:
8,CD
11*slashhere*16,CD
%,NN
three,CD
months,NNS
;,:
8,CD
7*slashhere*16,CD
%,NN
six,CD
months,NNS
;,:
8,CD
7*slashhere*16,CD
%,NN
one,CD
year,NN
.,.
EOS,EOS
the,DT
average,NN
of,IN
interbank,NN
offered,JJ
rates,NNS
for,IN
dollar,NN
deposits,NNS
in,IN
the,DT
london,NNP
market,NN
based,VBN
on,IN
quotations,NNS
at,IN
five,CD
major,JJ
banks,NNS
.,.
EOS,EOS
foreign,JJ
prime,JJ
rates,NNS
:,:
canada,NNP
13.50,CD
%,NN
;,:
germany,NNP
9,CD
%,NN
;,:
japan,NNP
4.875,CD
%,NN
;,:
switzerland,NNP
8.50,CD
%,NN
;,:
britain,NNP
15,CD
%,NN
.,.
EOS,EOS
these,DT
rate,NN
indications,NNS
are,VBP
n't,RB
directly,RB
comparable,JJ
;,:
lending,JJ
practices,NNS
vary,VBP
widely,RB
by,IN
location,NN
.,.
EOS,EOS
treasury,NN
bills,NNS
:,:
results,NNS
of,IN
the,DT
monday,NNP
",",","
october,NNP
30,CD
",",","
1989,CD
",",","
auction,NN
of,IN
short-term,JJ
u.s.,NNP
government,NN
bills,NNS
",",","
sold,VBN
at,IN
a,DT
discount,NN
from,IN
face,JJ
value,NN
in,IN
units,NNS
of,IN
$,$
"10,000",CD
to,TO
$,$
1,CD
million,CD
:,:
7.78,CD
%,NN
13,CD
weeks,NNS
;,:
7.62,CD
%,NN
26,CD
weeks,NNS
.,.
EOS,EOS
federal,NNP
home,NNP
loan,NNP
mortgage,NNP
corp,NNP
.,.
EOS,EOS
(,(
freddie,NNP
mac,NNP
),)
:,:
posted,VBN
yields,NNS
on,IN
30-year,JJ
mortgage,NN
commitments,NNS
for,IN
delivery,NN
within,IN
30,CD
days,NNS
.,.
EOS,EOS
9.78,CD
%,NN
",",","
standard,JJ
conventional,JJ
fixed-rate,JJ
mortgages,NNS
;,:
7.875,CD
%,NN
",",","
2,CD
%,NN
rate,NN
capped,VBD
one-year,JJ
adjustable,JJ
rate,NN
mortgages,NNS
.,.
EOS,EOS
source,NN
:,:
telerate,NNP
systems,NNPS
inc,NNP
.,.
EOS,EOS
federal,NNP
national,NNP
mortgage,NNP
association,NNP
(,(
fannie,NNP
mae,NNP
),)
:,:
posted,VBN
yields,NNS
on,IN
30,CD
year,NN
mortgage,NN
commitments,NNS
for,IN
delivery,NN
within,IN
30,CD
days,NNS
(,(
priced,VBN
at,IN
par,JJ
),)
9.75,CD
%,NN
",",","
standard,JJ
conventional,JJ
fixed-rate,JJ
mortgages,NNS
;,:
8.75,CD
%,NN
",",","
6*slashhere*2,CD
rate,NN
capped,VBD
one-year,JJ
adjustable,JJ
rate,NN
mortgages,NNS
.,.
EOS,EOS
source,NN
:,:
telerate,NNP
systems,NNPS
inc,NNP
.,.
EOS,EOS
merrill,NNP
lynch,NNP
ready,NNP
assets,NNPS
trust,NNP
:,:
8.63,CD
%,NN
.,.
EOS,EOS
annualized,VBN
average,JJ
rate,NN
of,IN
return,NN
after,IN
expenses,NNS
for,IN
the,DT
past,JJ
30,CD
days,NNS
;,:
not,RB
a,DT
forecast,NN
of,IN
future,JJ
returns,NNS
.,.
EOS,EOS
despite,IN
continuing,VBG
problems,NNS
in,IN
its,PRP$
newsprint,NN
business,NN
",",","
kimberly-clark,NNP
corp.,NNP
posted,VBD
a,DT
20,CD
%,NN
gain,NN
in,IN
third-quarter,JJ
net,JJ
income,NN
.,.
EOS,EOS
the,DT
consumer-products,NNS
and,CC
newsprint,NN
company,NN
said,VBD
net,NN
rose,VBD
to,TO
$,$
108.8,CD
million,CD
",",","
or,CC
$,$
1.35,CD
a,DT
share,NN
",",","
from,IN
$,$
90.5,CD
million,CD
",",","
or,CC
$,$
1.12,CD
a,DT
share,NN
",",","
a,DT
year,NN
ago,RB
.,.
EOS,EOS
sales,NNS
rose,VBD
6.2,CD
%,NN
to,TO
$,$
1.45,CD
billion,CD
from,IN
$,$
1.37,CD
billion,CD
.,.
EOS,EOS
after,IN
a,DT
flat,JJ
second,JJ
quarter,NN
tied,VBN
largely,RB
to,TO
lower,JJR
newsprint,NN
earnings,NNS
",",","
kimberly-clark,NNP
attributed,VBD
the,DT
gain,NN
to,TO
improved,VBN
results,NNS
in,IN
its,PRP$
consumer,NN
businesses,NNS
in,IN
north,NNP
america,NNP
",",","
brazil,NNP
and,CC
korea,NNP
.,.
EOS,EOS
those,DT
gains,NNS
came,VBD
from,IN
higher,JJR
prices,NNS
",",","
particularly,RB
for,IN
disposable,JJ
diapers,NNS
and,CC
tissue,NN
products,NNS
",",","
and,CC
from,IN
increased,VBN
sales,NNS
",",","
primarily,RB
for,IN
feminine-care,JJ
products,NNS
",",","
the,DT
company,NN
said,VBD
.,.
EOS,EOS
newsprint,NN
results,NNS
continued,VBD
to,TO
be,VB
depressed,JJ
",",","
the,DT
company,NN
added,VBD
",",","
because,IN
of,IN
industrywide,JJ
price,NN
discounting,NN
.,.
EOS,EOS
the,DT
quarter-to-quarter,JJ
comparison,NN
was,VBD
also,RB
enhanced,VBN
by,IN
charges,NNS
taken,VBN
in,IN
the,DT
year-earlier,JJ
period,NN
",",","
including,VBG
$,$
11,CD
million,CD
related,JJ
to,TO
the,DT
modernization,NN
of,IN
a,DT
pulp,NN
and,CC
newsprint,NN
mill,NN
in,IN
alabama,NNP
.,.
EOS,EOS
in,IN
the,DT
1989,CD
period,NN
also,RB
",",","
interest,NN
expense,NN
and,CC
tax,NN
rates,NNS
were,VBD
lower,JJR
than,IN
a,DT
year,NN
ago,RB
.,.
EOS,EOS
in,IN
the,DT
first,JJ
nine,CD
months,NNS
",",","
profit,NN
rose,VBD
10,CD
%,NN
to,TO
$,$
313.2,CD
million,CD
",",","
or,CC
$,$
3.89,CD
a,DT
share,NN
",",","
from,IN
$,$
283.9,CD
million,CD
",",","
or,CC
$,$
3.53,CD
a,DT
share,NN
.,.
EOS,EOS
sales,NNS
rose,VBD
6.7,CD
%,NN
to,TO
$,$
4.27,CD
billion,CD
from,IN
$,$
4,CD
billion,CD
.,.
EOS,EOS
in,IN
new,NNP
york,NNP
stock,NNP
exchange,NNP
composite,JJ
trading,NN
",",","
kimberly-clark,NNP
closed,VBD
at,IN
$,$
66.50,CD
a,DT
share,NN
",",","
up,RB
$,$
1.50,CD
.,.
EOS,EOS
hani,NNP
zayadi,NNP
was,VBD
appointed,VBN
president,NN
and,CC
chief,JJ
executive,NN
officer,NN
of,IN
this,DT
financially,RB
troubled,JJ
department,NN
store,NN
chain,NN
",",","
effective,JJ
nov.,NNP
15,CD
",",","
succeeding,VBG
frank,NNP
robertson,NNP
",",","
who,WP
is,VBZ
retiring,VBG
early,RB
.,.
EOS,EOS
mr.,NNP
zayadi,NNP
was,VBD
previously,RB
president,NN
and,CC
chief,JJ
operating,VBG
officer,NN
of,IN
zellers,NNP
inc.,NNP
",",","
a,DT
retail,JJ
chain,NN
that,WDT
is,VBZ
owned,VBN
by,IN
toronto-based,JJ
hudson,NNP
's,POS
bay,NNP
co.,NNP
",",","
canada,NNP
's,POS
largest,JJS
department,NN
store,NN
operator,NN
.,.
EOS,EOS
